tier,variant,ticker,entry_time,exit_time,contracts,ivr_at_entry,sigma_at_entry,entry_underlying,pnl_usd,pnl_pct,exit_reason,exit_result,hold_days
0,v1_baseline,SPY,2026-02-24 19:30:00+00:00,2026-03-03 19:40:00+00:00,1,100.0,0.111,686.8712158203125,347.41482436800277,0.5317523555077686,PROFIT_TARGET,WIN,7.006944444444445
0,v1_baseline,SPY,2026-03-06 19:40:00+00:00,2026-03-13 13:40:00+00:00,1,40.3,0.163,674.655029296875,411.90875298567653,0.5512950251099795,PROFIT_TARGET,WIN,6.75
0,v1_baseline,SPY,2026-03-18 13:40:00+00:00,2026-04-08 15:05:00+00:00,1,17.4,0.088,668.7301025390625,294.0268491349303,0.5184759638759434,PROFIT_TARGET,WIN,21.05902777777778
0,v1_baseline,SPY,2026-04-13 15:05:00+00:00,2026-04-23 19:55:00+00:00,1,14.1,0.095,679.97998046875,-406.24811133854024,-0.6842064318637097,END_OF_RANGE,LOSS,10.20138888888889
0,v2_hold_day,SPY,2026-02-24 19:30:00+00:00,2026-02-24 20:55:00+00:00,1,100.0,0.111,686.8712158203125,-87.88416927416378,-0.2504815290261146,EOD,LOSS,0.059027777777777776
0,v2_hold_day,SPY,2026-02-27 20:55:00+00:00,2026-03-02 15:00:00+00:00,1,45.0,0.101,686.280029296875,228.33690198777003,0.7416124632284851,PROFIT_TARGET,WIN,2.7534722222222223
0,v2_hold_day,SPY,2026-03-05 15:00:00+00:00,2026-03-05 20:55:00+00:00,1,17.2,0.088,684.25,-196.142841393589,-0.7659533330491636,EOD,LOSS,0.2465277777777778
0,v2_hold_day,SPY,2026-03-10 19:55:00+00:00,2026-03-11 15:10:00+00:00,1,30.4,0.131,677.0499877929688,201.4995292518676,0.5056310168402384,PROFIT_TARGET,WIN,0.8020833333333334
0,v2_hold_day,SPY,2026-03-16 15:10:00+00:00,2026-03-16 19:55:00+00:00,1,53.2,0.206,669.3900756835938,149.0868739466369,0.28556154969821973,EOD,WIN,0.19791666666666666
0,v2_hold_day,SPY,2026-03-19 19:55:00+00:00,2026-03-20 19:55:00+00:00,1,31.4,0.134,659.719970703125,-634.8744939072157,-1.738894732896028,EOD,LOSS,1.0
0,v2_hold_day,SPY,2026-03-25 19:55:00+00:00,2026-03-26 19:55:00+00:00,1,25.8,0.116,656.739990234375,-627.6646066186703,-1.8105724783549761,EOD,LOSS,1.0
0,v2_hold_day,SPY,2026-03-31 19:55:00+00:00,2026-04-01 19:55:00+00:00,1,42.8,0.172,650.239990234375,-72.39230360047237,-0.162431781760389,EOD,LOSS,1.0
0,v2_hold_day,SPY,2026-04-07 19:55:00+00:00,2026-04-08 19:55:00+00:00,1,22.9,0.134,659.260009765625,-632.5278546643023,-1.721299829246667,EOD,LOSS,1.0
0,v2_hold_day,SPY,2026-04-13 19:55:00+00:00,2026-04-14 15:35:00+00:00,1,7.4,0.08,686.010009765625,-506.44521586206963,-2.066237646656765,STOP_LOSS,LOSS,0.8194444444444444
0,v2_hold_day,SPY,2026-04-17 15:35:00+00:00,2026-04-17 19:55:00+00:00,1,27.0,0.152,711.2301025390625,54.7235594868706,0.12329261507480989,EOD,WIN,0.18055555555555555
0,v2_hold_day,SPY,2026-04-22 19:55:00+00:00,2026-04-23 19:55:00+00:00,1,4.6,0.08,711.2100219726562,103.141496655746,0.3980189063311732,EOD,WIN,1.0
0,v3_phaseB,SPY,2026-02-24 19:30:00+00:00,2026-03-20 18:10:00+00:00,1,100.0,0.111,686.8712158203125,-596.704296889996,-2.0009560820407035,STOP_LOSS,LOSS,23.944444444444443
0,v3_phaseB,SPY,2026-03-25 18:10:00+00:00,2026-03-25 18:15:00+00:00,1,58.6,0.224,657.97998046875,492.81479510284873,0.7018327587468742,PROFIT_TARGET,WIN,0.01
0,v3_phaseB,SPY,2026-03-30 18:15:00+00:00,2026-04-15 18:25:00+00:00,1,47.3,0.187,633.4600219726562,-1131.469016430307,-2.0006619810719997,STOP_LOSS,LOSS,16.006944444444443
0,v3_phaseB,SPY,2026-04-20 18:25:00+00:00,2026-04-23 19:55:00+00:00,1,9.0,0.08,708.3200073242188,-329.79427475027524,-1.3288927274197226,END_OF_RANGE,LOSS,3.0625
0,v4_filtered,SPY,2026-02-24 19:30:00+00:00,2026-03-20 18:10:00+00:00,1,100.0,0.111,686.8712158203125,-596.704296889996,-2.0009560820407035,STOP_LOSS,LOSS,23.944444444444443
0,v4_filtered,SPY,2026-03-25 18:10:00+00:00,2026-03-25 18:15:00+00:00,1,58.6,0.224,657.97998046875,492.81479510284873,0.7018327587468742,PROFIT_TARGET,WIN,0.01
0,v4_filtered,SPY,2026-03-31 18:55:00+00:00,2026-04-07 13:40:00+00:00,1,45.2,0.18,648.6400146484375,273.66381708184014,0.5004853155922023,PROFIT_TARGET,WIN,6.78125
0,v4_filtered,SPY,2026-04-22 13:30:00+00:00,2026-04-23 19:55:00+00:00,1,30.9,0.17,708.5599975585938,166.62345966288507,0.3160496273654346,END_OF_RANGE,WIN,1.2673611111111112
0,v5_hedged,SPY,2026-02-24 19:30:00+00:00,2026-03-20 18:10:00+00:00,3,100.0,0.111,686.8712158203125,-1790.1128906699882,-2.0009560820407035,STOP_LOSS,LOSS,23.944444444444443
0,v5_hedged,SPY,2026-03-25 18:10:00+00:00,2026-03-25 18:15:00+00:00,2,58.6,0.224,657.97998046875,985.6295902056975,0.7018327587468742,PROFIT_TARGET,WIN,0.01
0,v5_hedged,SPY,2026-03-31 18:55:00+00:00,2026-04-07 13:40:00+00:00,1,45.2,0.18,648.6400146484375,273.66381708184014,0.5004853155922023,PROFIT_TARGET,WIN,6.78125
0,v5_hedged,SPY,2026-04-22 13:30:00+00:00,2026-04-23 19:55:00+00:00,1,30.9,0.17,708.5599975585938,166.62345966288507,0.3160496273654346,END_OF_RANGE,WIN,1.2673611111111112
0,v1_baseline,QQQ,2026-02-24 19:30:00+00:00,2026-03-03 18:20:00+00:00,1,85.5,0.149,607.2000122070312,374.2198669046728,0.5337166174353803,PROFIT_TARGET,WIN,6.951388888888889
0,v1_baseline,QQQ,2026-03-06 18:20:00+00:00,2026-03-13 13:40:00+00:00,1,73.4,0.312,604.5999755859375,579.4781707783991,0.6828967527664539,PROFIT_TARGET,WIN,6.805555555555555
0,v1_baseline,QQQ,2026-03-18 13:40:00+00:00,2026-04-08 18:55:00+00:00,1,15.2,0.093,602.0900268554688,284.83983261662945,0.5055430183332762,PROFIT_TARGET,WIN,21.21875
0,v1_baseline,QQQ,2026-04-13 18:55:00+00:00,2026-04-23 19:55:00+00:00,1,7.8,0.08,614.97998046875,-498.79075185741544,-0.9951768534001394,END_OF_RANGE,LOSS,10.041666666666666
0,v2_hold_day,QQQ,2026-02-24 19:30:00+00:00,2026-02-24 20:55:00+00:00,1,85.5,0.149,607.2000122070312,-55.398350916664626,-0.13579166470788004,EOD,LOSS,0.059027777777777776
0,v2_hold_day,QQQ,2026-02-27 20:55:00+00:00,2026-03-02 14:30:00+00:00,1,52.8,0.129,607.35498046875,226.3728961464591,0.59980865828958,PROFIT_TARGET,WIN,2.732638888888889
0,v2_hold_day,QQQ,2026-03-05 14:30:00+00:00,2026-03-05 18:25:00+00:00,1,13.4,0.086,609.9849853515625,-445.27851669583765,-2.0274960229603063,STOP_LOSS,LOSS,0.16319444444444445
0,v2_hold_day,QQQ,2026-03-10 17:25:00+00:00,2026-03-10 19:55:00+00:00,1,40.0,0.186,613.1668090820312,-199.28932618558832,-0.4242221248626922,EOD,LOSS,0.10416666666666667
0,v2_hold_day,QQQ,2026-03-13 19:55:00+00:00,2026-03-16 19:55:00+00:00,1,25.7,0.132,593.6900024414062,-190.65054702907454,-0.5600542721895707,EOD,LOSS,3.0
0,v2_hold_day,QQQ,2026-03-19 19:55:00+00:00,2026-03-20 19:55:00+00:00,1,31.9,0.156,592.97998046875,-592.7119486275271,-1.455268676985933,EOD,LOSS,1.0
0,v2_hold_day,QQQ,2026-03-25 19:55:00+00:00,2026-03-26 19:55:00+00:00,1,27.6,0.14,587.72998046875,-618.6172892147387,-1.6220427651823723,EOD,LOSS,1.0
0,v2_hold_day,QQQ,2026-03-31 19:55:00+00:00,2026-04-01 19:55:00+00:00,1,45.7,0.208,577.1900024414062,-434.3068702369555,-0.8818500124740272,EOD,LOSS,1.0
0,v2_hold_day,QQQ,2026-04-07 19:55:00+00:00,2026-04-08 19:55:00+00:00,1,21.9,0.161,588.719970703125,-602.0467457257516,-1.5128621193308054,EOD,LOSS,1.0
0,v2_hold_day,QQQ,2026-04-13 19:55:00+00:00,2026-04-14 15:25:00+00:00,1,7.2,0.08,617.3200073242188,-585.0743133314304,-2.0310286165402935,STOP_LOSS,LOSS,0.8125
0,v2_hold_day,QQQ,2026-04-17 15:25:00+00:00,2026-04-17 19:55:00+00:00,1,21.4,0.158,649.0598754882812,-1.6163724469393514,-0.0038525546533984684,EOD,LOSS,0.1875
0,v2_hold_day,QQQ,2026-04-22 19:55:00+00:00,2026-04-23 17:40:00+00:00,1,5.4,0.08,655.0800170898438,-532.118344214466,-2.4280281319035284,STOP_LOSS,LOSS,0.90625
0,v3_phaseB,QQQ,2026-02-24 19:30:00+00:00,2026-03-20 19:30:00+00:00,1,85.5,0.149,607.2000122070312,-282.86349873685487,-0.7445113371257305,HARD_DTE_21,LOSS,24.0
0,v3_phaseB,QQQ,2026-03-25 19:30:00+00:00,2026-04-14 19:20:00+00:00,1,27.7,0.14,587.0081787109375,-651.6841378807663,-2.0019970715672235,STOP_LOSS,LOSS,19.993055555555557
0,v3_phaseB,QQQ,2026-04-17 19:20:00+00:00,2026-04-23 19:55:00+00:00,1,10.5,0.096,647.719970703125,-362.0183916462153,-1.3519083569300008,END_OF_RANGE,LOSS,6.024305555555555
0,v4_filtered,QQQ,2026-02-24 19:30:00+00:00,2026-03-20 19:30:00+00:00,1,85.5,0.149,607.2000122070312,-282.86349873685487,-0.7445113371257305,HARD_DTE_21,LOSS,24.0
0,v4_filtered,QQQ,2026-03-31 18:55:00+00:00,2026-04-02 13:30:00+00:00,1,49.0,0.22,575.780029296875,284.12957358565853,0.5080024712764521,PROFIT_TARGET,WIN,1.7743055555555556
0,v4_filtered,QQQ,2026-04-08 13:30:00+00:00,2026-04-08 13:35:00+00:00,1,99.0,0.601,607.75,1629.2466098739194,0.9993845274931289,PROFIT_TARGET,WIN,0.01
0,v5_hedged,QQQ,2026-02-24 19:30:00+00:00,2026-03-20 19:30:00+00:00,3,85.5,0.149,607.2000122070312,-848.5904962105647,-0.7445113371257305,HARD_DTE_21,LOSS,24.0
0,v5_hedged,QQQ,2026-03-31 18:55:00+00:00,2026-04-02 13:30:00+00:00,1,49.0,0.22,575.780029296875,284.12957358565853,0.5080024712764521,PROFIT_TARGET,WIN,1.7743055555555556
0,v5_hedged,QQQ,2026-04-08 13:30:00+00:00,2026-04-08 13:35:00+00:00,3,99.0,0.601,607.75,4887.739829621758,0.9993845274931289,PROFIT_TARGET,WIN,0.01
0,v1_baseline,IWM,2026-02-24 19:30:00+00:00,2026-04-09 17:35:00+00:00,1,100.0,0.154,263.5,225.60056040755984,0.5109033609158061,PROFIT_TARGET,WIN,43.920138888888886
0,v1_baseline,IWM,2026-04-14 17:35:00+00:00,2026-04-23 19:55:00+00:00,1,11.7,0.141,268.773193359375,-137.30808591777173,-0.3302887274532983,END_OF_RANGE,LOSS,9.097222222222221
0,v2_hold_day,IWM,2026-02-24 19:30:00+00:00,2026-02-24 20:55:00+00:00,1,100.0,0.154,263.5,-58.96727463809195,-0.282639603063216,EOD,LOSS,0.059027777777777776
0,v2_hold_day,IWM,2026-02-27 20:55:00+00:00,2026-03-02 14:30:00+00:00,1,31.8,0.151,261.42999267578125,139.65014547576584,0.6848033458458362,PROFIT_TARGET,WIN,2.732638888888889
0,v2_hold_day,IWM,2026-03-05 14:30:00+00:00,2026-03-05 20:55:00+00:00,1,21.4,0.185,259.6099853515625,-139.08422381228723,-0.685804439363191,EOD,LOSS,0.2673611111111111
0,v2_hold_day,IWM,2026-03-10 19:55:00+00:00,2026-03-11 19:55:00+00:00,1,26.8,0.213,253.3699951171875,46.04117956982003,0.1763944550239999,EOD,WIN,1.0
0,v2_hold_day,IWM,2026-03-16 19:55:00+00:00,2026-03-17 17:05:00+00:00,1,10.1,0.127,248.94000244140625,79.28532302382547,0.5052162593108834,PROFIT_TARGET,WIN,0.8819444444444444
0,v2_hold_day,IWM,2026-03-20 17:05:00+00:00,2026-03-20 19:55:00+00:00,1,48.1,0.322,244.24000549316406,20.635756085646317,0.06216665053787491,EOD,WIN,0.11805555555555555
0,v2_hold_day,IWM,2026-03-25 19:55:00+00:00,2026-03-26 13:40:00+00:00,1,19.7,0.176,251.85000610351562,123.88873493340304,0.5112015503649315,PROFIT_TARGET,WIN,0.7395833333333334
0,v2_hold_day,IWM,2026-03-31 13:40:00+00:00,2026-03-31 19:55:00+00:00,1,48.6,0.324,243.39999389648438,26.400378901022712,0.07517856089228989,EOD,WIN,0.2604166666666667
0,v2_hold_day,IWM,2026-04-06 19:55:00+00:00,2026-04-07 13:45:00+00:00,1,5.4,0.103,252.3699951171875,123.45570816905082,0.5062287942230451,PROFIT_TARGET,WIN,0.7430555555555556
0,v2_hold_day,IWM,2026-04-10 13:45:00+00:00,2026-04-10 19:55:00+00:00,1,9.3,0.128,261.92999267578125,-10.630916339377583,-0.04858760461484065,EOD,LOSS,0.2569444444444444
0,v2_hold_day,IWM,2026-04-15 19:55:00+00:00,2026-04-16 19:00:00+00:00,1,2.4,0.089,269.4100036621094,56.698288852030096,0.5166450806036442,PROFIT_TARGET,WIN,0.9618055555555556
0,v2_hold_day,IWM,2026-04-21 19:00:00+00:00,2026-04-21 19:55:00+00:00,1,17.7,0.175,275.5899963378906,-38.414280128411036,-0.18525788763770204,EOD,LOSS,0.03819444444444445
0,v3_phaseB,IWM,2026-02-24 19:30:00+00:00,2026-03-19 13:30:00+00:00,1,100.0,0.154,263.5,-378.992936015265,-2.2450353130420733,STOP_LOSS,LOSS,22.75
0,v3_phaseB,IWM,2026-03-24 13:30:00+00:00,2026-04-07 13:45:00+00:00,1,30.8,0.233,246.4199981689453,140.910415298949,0.5008933620415899,PROFIT_TARGET,WIN,14.010416666666666
0,v3_phaseB,IWM,2026-04-10 13:45:00+00:00,2026-04-17 13:30:00+00:00,1,9.3,0.128,261.92999267578125,-291.6767282501855,-2.225100980254943,STOP_LOSS,LOSS,6.989583333333333
0,v3_phaseB,IWM,2026-04-22 13:30:00+00:00,2026-04-23 19:55:00+00:00,1,34.0,0.268,277.3299865722656,155.74782018150034,0.4357722886583885,END_OF_RANGE,WIN,1.2673611111111112
0,v4_filtered,IWM,2026-02-24 19:30:00+00:00,2026-03-19 13:30:00+00:00,1,100.0,0.154,263.5,-378.992936015265,-2.2450353130420733,STOP_LOSS,LOSS,22.75
0,v4_filtered,IWM,2026-03-24 15:20:00+00:00,2026-04-06 13:30:00+00:00,1,32.3,0.241,249.50999450683594,120.112931680834,0.536541154488965,PROFIT_TARGET,WIN,12.92361111111111
0,v4_filtered,IWM,2026-04-17 13:30:00+00:00,2026-04-17 13:35:00+00:00,1,38.2,0.292,274.04998779296875,213.08465325846248,0.5623648479200442,PROFIT_TARGET,WIN,0.01
0,v4_filtered,IWM,2026-04-22 13:35:00+00:00,2026-04-23 19:55:00+00:00,1,33.5,0.265,277.70001220703125,116.5485183621768,0.41498017156507405,END_OF_RANGE,WIN,1.2638888888888888
0,v5_hedged,IWM,2026-02-24 19:30:00+00:00,2026-03-19 13:30:00+00:00,3,100.0,0.154,263.5,-1136.978808045795,-2.2450353130420733,STOP_LOSS,LOSS,22.75
0,v5_hedged,IWM,2026-03-24 15:20:00+00:00,2026-04-06 13:30:00+00:00,1,32.3,0.241,249.50999450683594,120.112931680834,0.536541154488965,PROFIT_TARGET,WIN,12.92361111111111
0,v5_hedged,IWM,2026-04-17 13:30:00+00:00,2026-04-17 13:35:00+00:00,1,38.2,0.292,274.04998779296875,213.08465325846248,0.5623648479200442,PROFIT_TARGET,WIN,0.01
0,v5_hedged,IWM,2026-04-22 13:35:00+00:00,2026-04-23 19:55:00+00:00,1,33.5,0.265,277.70001220703125,116.5485183621768,0.41498017156507405,END_OF_RANGE,WIN,1.2638888888888888
1,v1_baseline,AAPL,2026-02-24 19:30:00+00:00,2026-04-17 13:30:00+00:00,1,100.0,0.243,272.07000732421875,450.4144594341063,0.7391190445716981,PROFIT_TARGET,WIN,51.75
1,v1_baseline,AAPL,2026-04-22 13:30:00+00:00,2026-04-23 19:55:00+00:00,1,22.8,0.183,267.32000732421875,-195.26219327062267,-0.3762717240540035,END_OF_RANGE,LOSS,1.2673611111111112
1,v2_hold_day,AAPL,2026-02-24 19:30:00+00:00,2026-02-24 20:55:00+00:00,1,100.0,0.243,272.07000732421875,35.85323978868988,0.11099359125885254,EOD,WIN,0.059027777777777776
1,v2_hold_day,AAPL,2026-02-27 20:55:00+00:00,2026-03-02 15:15:00+00:00,1,43.9,0.195,264.1700134277344,136.82735059859144,0.6086323515918391,PROFIT_TARGET,WIN,2.763888888888889
1,v2_hold_day,AAPL,2026-03-05 15:15:00+00:00,2026-03-05 20:55:00+00:00,1,32.0,0.203,258.8800048828125,43.205830047940786,0.18272915570748446,EOD,WIN,0.2361111111111111
1,v2_hold_day,AAPL,2026-03-10 19:55:00+00:00,2026-03-11 17:35:00+00:00,1,13.2,0.139,260.7200012207031,94.97978106496923,0.581872076030579,PROFIT_TARGET,WIN,0.9027777777777778
1,v2_hold_day,AAPL,2026-03-16 17:35:00+00:00,2026-03-16 19:55:00+00:00,1,23.7,0.175,252.56300354003906,2.592990802760742,0.009369050607977231,EOD,WIN,0.09722222222222222
1,v2_hold_day,AAPL,2026-03-19 19:55:00+00:00,2026-03-20 19:55:00+00:00,1,14.6,0.144,248.90699768066406,-7.385812634175459,-0.04254830115133627,EOD,LOSS,1.0
1,v2_hold_day,AAPL,2026-03-25 19:55:00+00:00,2026-03-26 14:00:00+00:00,1,6.9,0.118,252.57000732421875,136.20684828321498,0.5474995887835946,PROFIT_TARGET,WIN,0.7534722222222222
1,v2_hold_day,AAPL,2026-03-31 14:00:00+00:00,2026-03-31 19:55:00+00:00,1,42.0,0.236,248.6699981689453,-122.87184480691748,-0.45957502259368543,EOD,LOSS,0.2465277777777778
1,v2_hold_day,AAPL,2026-04-06 19:55:00+00:00,2026-04-07 13:30:00+00:00,1,6.8,0.122,258.8869934082031,-545.6654342575266,-3.4121493315140263,STOP_LOSS,LOSS,0.7326388888888888
1,v2_hold_day,AAPL,2026-04-10 13:30:00+00:00,2026-04-10 19:55:00+00:00,1,8.0,0.127,259.9049987792969,-51.760998596097174,-0.37387433239366424,EOD,LOSS,0.2673611111111111
1,v2_hold_day,AAPL,2026-04-15 19:55:00+00:00,2026-04-16 16:10:00+00:00,1,22.1,0.18,266.3699951171875,119.79356204438739,0.5213416032566669,PROFIT_TARGET,WIN,0.84375
1,v2_hold_day,AAPL,2026-04-21 16:10:00+00:00,2026-04-21 19:55:00+00:00,1,23.6,0.186,266.17999267578125,-0.6342412786211948,-0.002778428386454137,EOD,LOSS,0.15625
1,v3_phaseB,AAPL,2026-02-24 19:30:00+00:00,2026-03-20 19:30:00+00:00,1,100.0,0.243,272.07000732421875,-183.07217322097236,-0.7995515518183681,HARD_DTE_21,LOSS,24.0
1,v3_phaseB,AAPL,2026-03-25 19:30:00+00:00,2026-04-20 13:30:00+00:00,1,6.9,0.118,252.35000610351562,-180.7234536489013,-1.1834127556905296,HARD_DTE_21,LOSS,25.75
1,v3_phaseB,AAPL,2026-04-23 13:30:00+00:00,2026-04-23 19:55:00+00:00,1,17.3,0.16,275.0799865722656,-102.10052664315174,-0.6582047253592266,END_OF_RANGE,LOSS,0.2673611111111111
1,v4_filtered,AAPL,2026-02-24 19:30:00+00:00,2026-03-20 19:30:00+00:00,1,100.0,0.243,272.07000732421875,-183.07217322097236,-0.7995515518183681,HARD_DTE_21,LOSS,24.0
1,v4_filtered,AAPL,2026-03-31 18:55:00+00:00,2026-04-07 19:50:00+00:00,1,43.0,0.239,253.7550048828125,115.95362421715016,0.5025827395165772,PROFIT_TARGET,WIN,7.038194444444445
1,v4_filtered,AAPL,2026-04-14 16:45:00+00:00,2026-04-23 19:55:00+00:00,1,31.1,0.216,259.5849914550781,-111.72815124172524,-0.46577747136157127,END_OF_RANGE,LOSS,9.131944444444445
1,v5_hedged,AAPL,2026-02-24 19:30:00+00:00,2026-03-20 19:30:00+00:00,3,100.0,0.243,272.07000732421875,-549.2165196629171,-0.7995515518183681,HARD_DTE_21,LOSS,24.0
1,v5_hedged,AAPL,2026-03-31 18:55:00+00:00,2026-04-07 19:50:00+00:00,1,43.0,0.239,253.7550048828125,115.95362421715016,0.5025827395165772,PROFIT_TARGET,WIN,7.038194444444445
1,v5_hedged,AAPL,2026-04-14 16:45:00+00:00,2026-04-23 19:55:00+00:00,1,31.1,0.216,259.5849914550781,-111.72815124172524,-0.46577747136157127,END_OF_RANGE,LOSS,9.131944444444445
1,v1_baseline,MSFT,2026-02-24 19:30:00+00:00,2026-03-19 14:20:00+00:00,1,100.0,0.301,387.3570861816406,414.6579390500257,0.5451010037217667,PROFIT_TARGET,WIN,22.78472222222222
1,v1_baseline,MSFT,2026-03-24 14:20:00+00:00,2026-03-31 19:35:00+00:00,1,47.3,0.27,372.8800048828125,366.3926342195431,0.5023536246427036,PROFIT_TARGET,WIN,7.21875
1,v1_baseline,MSFT,2026-04-06 19:35:00+00:00,2026-04-13 13:40:00+00:00,1,5.5,0.122,372.3500061035156,278.09959602389074,0.5546558643748396,PROFIT_TARGET,WIN,6.753472222222222
1,v1_baseline,MSFT,2026-04-16 13:40:00+00:00,2026-04-23 13:50:00+00:00,1,45.3,0.287,417.3800048828125,397.9559600659405,0.5188462666478182,PROFIT_TARGET,WIN,7.006944444444445
1,v2_hold_day,MSFT,2026-02-24 19:30:00+00:00,2026-02-24 20:55:00+00:00,1,100.0,0.301,387.3570861816406,4.486665835259185,0.009237571992126848,EOD,WIN,0.059027777777777776
1,v2_hold_day,MSFT,2026-02-27 20:55:00+00:00,2026-03-02 14:30:00+00:00,1,11.9,0.176,392.67999267578125,193.1898942614656,0.5629419211178512,PROFIT_TARGET,WIN,2.732638888888889
1,v2_hold_day,MSFT,2026-03-05 14:30:00+00:00,2026-03-05 20:55:00+00:00,1,28.4,0.227,407.239990234375,-159.49553928088358,-0.38490118319897865,EOD,LOSS,0.2673611111111111
1,v2_hold_day,MSFT,2026-03-10 19:55:00+00:00,2026-03-11 18:30:00+00:00,1,7.0,0.161,405.760009765625,154.5229200034163,0.551171346614978,PROFIT_TARGET,WIN,0.9409722222222222
1,v2_hold_day,MSFT,2026-03-16 18:30:00+00:00,2026-03-16 19:55:00+00:00,1,5.0,0.151,399.45001220703125,-124.90364953898538,-0.48947001737446083,EOD,LOSS,0.059027777777777776
1,v2_hold_day,MSFT,2026-03-19 19:55:00+00:00,2026-03-20 18:10:00+00:00,1,5.9,0.136,388.87799072265625,-482.92271100544804,-2.0369831014518573,STOP_LOSS,LOSS,0.9270833333333334
1,v2_hold_day,MSFT,2026-03-25 18:10:00+00:00,2026-03-25 19:55:00+00:00,1,40.5,0.248,370.739990234375,19.74291714470473,0.05183746666246906,EOD,WIN,0.07291666666666667
1,v2_hold_day,MSFT,2026-03-30 19:55:00+00:00,2026-03-31 19:55:00+00:00,1,33.1,0.235,358.760009765625,-627.3123188174263,-1.736998112866239,EOD,LOSS,1.0
1,v2_hold_day,MSFT,2026-04-06 19:55:00+00:00,2026-04-07 15:00:00+00:00,1,4.3,0.118,372.8609924316406,-521.5400924037068,-2.044016240245307,STOP_LOSS,LOSS,0.7951388888888888
1,v2_hold_day,MSFT,2026-04-10 15:00:00+00:00,2026-04-10 19:55:00+00:00,1,27.6,0.214,372.2650146484375,41.25254229674531,0.10972742505803058,EOD,WIN,0.2048611111111111
1,v2_hold_day,MSFT,2026-04-15 19:55:00+00:00,2026-04-16 19:40:00+00:00,1,18.5,0.177,411.2727966308594,-660.3304563420979,-2.0642272441579386,STOP_LOSS,LOSS,0.9895833333333334
1,v2_hold_day,MSFT,2026-04-21 19:40:00+00:00,2026-04-21 19:55:00+00:00,1,28.1,0.216,423.8800048828125,-27.084691080739987,-0.07021357901474419,EOD,LOSS,0.010416666666666666
1,v3_phaseB,MSFT,2026-02-24 19:30:00+00:00,2026-03-02 14:30:00+00:00,1,100.0,0.301,387.3570861816406,249.4254047554902,0.5379661772097374,PROFIT_TARGET,WIN,5.791666666666667
1,v3_phaseB,MSFT,2026-03-05 14:30:00+00:00,2026-03-27 13:30:00+00:00,1,28.4,0.227,407.239990234375,-906.5888156749015,-2.1376208325674506,STOP_LOSS,LOSS,21.958333333333332
1,v3_phaseB,MSFT,2026-04-01 13:30:00+00:00,2026-04-15 18:30:00+00:00,1,30.8,0.227,372.7650146484375,-765.7518730273623,-2.070535749954696,STOP_LOSS,LOSS,14.208333333333334
1,v3_phaseB,MSFT,2026-04-20 18:30:00+00:00,2026-04-23 19:55:00+00:00,1,30.8,0.228,418.239990234375,-14.461842251845525,-0.03207605810450548,END_OF_RANGE,LOSS,3.0590277777777777
1,v4_filtered,MSFT,2026-02-24 19:30:00+00:00,2026-03-02 14:30:00+00:00,1,100.0,0.301,387.3570861816406,249.4254047554902,0.5379661772097374,PROFIT_TARGET,WIN,5.791666666666667
1,v4_filtered,MSFT,2026-03-05 14:50:00+00:00,2026-03-27 13:30:00+00:00,1,32.8,0.24,410.81500244140625,-901.8781955638897,-2.103984780690517,STOP_LOSS,LOSS,21.944444444444443
1,v4_filtered,MSFT,2026-04-01 13:30:00+00:00,2026-04-15 18:30:00+00:00,1,30.8,0.227,372.7650146484375,-765.7518730273623,-2.070535749954696,STOP_LOSS,LOSS,14.208333333333334
1,v4_filtered,MSFT,2026-04-20 18:30:00+00:00,2026-04-23 19:55:00+00:00,1,30.8,0.228,418.239990234375,-14.461842251845525,-0.03207605810450548,END_OF_RANGE,LOSS,3.0590277777777777
1,v5_hedged,MSFT,2026-02-24 19:30:00+00:00,2026-03-02 14:30:00+00:00,3,100.0,0.301,387.3570861816406,748.2762142664706,0.5379661772097374,PROFIT_TARGET,WIN,5.791666666666667
1,v5_hedged,MSFT,2026-03-05 14:50:00+00:00,2026-03-27 13:30:00+00:00,1,32.8,0.24,410.81500244140625,-901.8781955638897,-2.103984780690517,STOP_LOSS,LOSS,21.944444444444443
1,v5_hedged,MSFT,2026-04-01 13:30:00+00:00,2026-04-15 18:30:00+00:00,1,30.8,0.227,372.7650146484375,-765.7518730273623,-2.070535749954696,STOP_LOSS,LOSS,14.208333333333334
1,v5_hedged,MSFT,2026-04-20 18:30:00+00:00,2026-04-23 19:55:00+00:00,1,30.8,0.228,418.239990234375,-14.461842251845525,-0.03207605810450548,END_OF_RANGE,LOSS,3.0590277777777777
1,v1_baseline,NVDA,2026-02-24 19:30:00+00:00,2026-04-14 13:45:00+00:00,1,100.0,0.229,192.62359619140625,268.7596049195111,0.5499053551637938,PROFIT_TARGET,WIN,48.760416666666664
1,v1_baseline,NVDA,2026-04-17 13:45:00+00:00,2026-04-23 15:50:00+00:00,1,21.1,0.238,201.03509521484375,254.4559300206231,0.515621844813431,PROFIT_TARGET,WIN,6.086805555555555
1,v2_hold_day,NVDA,2026-02-24 19:30:00+00:00,2026-02-24 20:55:00+00:00,1,100.0,0.229,192.62359619140625,-3.3338490156483935,-0.012198227178385548,EOD,LOSS,0.059027777777777776
1,v2_hold_day,NVDA,2026-02-27 20:55:00+00:00,2026-03-02 16:40:00+00:00,1,22.1,0.228,177.16000366210938,-512.1432513763082,-2.0457465274965254,STOP_LOSS,LOSS,2.8229166666666665
1,v2_hold_day,NVDA,2026-03-05 16:40:00+00:00,2026-03-05 20:55:00+00:00,1,31.6,0.274,183.0399932861328,31.17986336398797,0.11766413797565475,EOD,WIN,0.17708333333333334
1,v2_hold_day,NVDA,2026-03-10 19:55:00+00:00,2026-03-11 15:25:00+00:00,1,24.4,0.239,184.75999450683594,94.03891953966175,0.5076347965478846,PROFIT_TARGET,WIN,0.8125
1,v2_hold_day,NVDA,2026-03-16 15:25:00+00:00,2026-03-16 19:55:00+00:00,1,67.5,0.451,184.72779846191406,102.00158965215036,0.2951108249791449,EOD,WIN,0.1875
1,v2_hold_day,NVDA,2026-03-19 19:55:00+00:00,2026-03-20 18:20:00+00:00,1,16.3,0.199,178.5,-400.12311870795025,-2.070532285930042,STOP_LOSS,LOSS,0.9340277777777778
1,v2_hold_day,NVDA,2026-03-25 18:20:00+00:00,2026-03-25 19:55:00+00:00,1,60.8,0.418,179.25,93.55538608447489,0.29461565755068786,EOD,WIN,0.06597222222222222
1,v2_hold_day,NVDA,2026-03-30 19:55:00+00:00,2026-03-31 13:45:00+00:00,1,13.9,0.187,165.05999755859375,-275.04437460795356,-2.133025342165924,STOP_LOSS,LOSS,0.7430555555555556
1,v2_hold_day,NVDA,2026-04-06 13:45:00+00:00,2026-04-06 19:55:00+00:00,1,7.8,0.157,177.1750030517578,-60.81171099888984,-0.26725320778577066,EOD,LOSS,0.2569444444444444
1,v2_hold_day,NVDA,2026-04-09 19:55:00+00:00,2026-04-10 15:20:00+00:00,1,6.6,0.156,183.85000610351562,-337.9849409915885,-2.2177196895445563,STOP_LOSS,LOSS,0.8090277777777778
1,v2_hold_day,NVDA,2026-04-15 15:20:00+00:00,2026-04-15 19:55:00+00:00,1,22.7,0.247,199.781005859375,-16.149267791623423,-0.07814650234357191,EOD,LOSS,0.1909722222222222
1,v2_hold_day,NVDA,2026-04-20 19:55:00+00:00,2026-04-21 16:00:00+00:00,1,0.6,0.122,202.11000061035156,117.7712344958251,0.5395168823329667,PROFIT_TARGET,WIN,0.8368055555555556
1,v3_phaseB,NVDA,2026-02-24 19:30:00+00:00,2026-03-20 19:30:00+00:00,1,100.0,0.229,192.62359619140625,-379.4933531698607,-1.8187441778890456,HARD_DTE_21,LOSS,24.0
1,v3_phaseB,NVDA,2026-03-25 19:30:00+00:00,2026-04-15 13:30:00+00:00,1,12.0,0.178,178.35000610351562,-396.5355938371429,-2.0396390323494997,STOP_LOSS,LOSS,20.75
1,v3_phaseB,NVDA,2026-04-20 13:30:00+00:00,2026-04-23 19:55:00+00:00,1,10.5,0.178,200.34500122070312,-176.68530550129705,-1.0030347079370552,END_OF_RANGE,LOSS,3.267361111111111
1,v4_filtered,NVDA,2026-02-24 19:30:00+00:00,2026-03-20 19:30:00+00:00,1,100.0,0.229,192.62359619140625,-379.4933531698607,-1.8187441778890456,HARD_DTE_21,LOSS,24.0
1,v4_filtered,NVDA,2026-03-31 18:55:00+00:00,2026-04-23 19:55:00+00:00,1,38.3,0.307,173.71499633789062,-331.2443977864348,-1.0927864826245186,END_OF_RANGE,LOSS,23.041666666666668
1,v5_hedged,NVDA,2026-02-24 19:30:00+00:00,2026-03-20 19:30:00+00:00,3,100.0,0.229,192.62359619140625,-1138.4800595095821,-1.8187441778890456,HARD_DTE_21,LOSS,24.0
1,v5_hedged,NVDA,2026-03-31 18:55:00+00:00,2026-04-23 19:55:00+00:00,1,38.3,0.307,173.71499633789062,-331.2443977864348,-1.0927864826245186,END_OF_RANGE,LOSS,23.041666666666668
1,v1_baseline,AMZN,2026-02-24 19:30:00+00:00,2026-03-02 16:45:00+00:00,1,100.0,0.259,208.8699951171875,275.97564494725293,0.5121347144695377,PROFIT_TARGET,WIN,5.885416666666667
1,v1_baseline,AMZN,2026-03-05 16:45:00+00:00,2026-04-08 13:30:00+00:00,1,53.2,0.315,217.8000030517578,381.8992922833208,0.6106254422628818,PROFIT_TARGET,WIN,33.864583333333336
1,v1_baseline,AMZN,2026-04-13 13:30:00+00:00,2026-04-23 19:55:00+00:00,1,10.7,0.177,237.9600067138672,-535.0011390936456,-1.1505456140732473,END_OF_RANGE,LOSS,10.26736111111111
1,v2_hold_day,AMZN,2026-02-24 19:30:00+00:00,2026-02-24 20:55:00+00:00,1,100.0,0.259,208.8699951171875,-15.375905771230958,-0.0631623741816905,EOD,LOSS,0.059027777777777776
1,v2_hold_day,AMZN,2026-02-27 20:55:00+00:00,2026-03-02 16:45:00+00:00,1,43.8,0.24,210.00999450683594,115.90862406467713,0.5495963963650015,PROFIT_TARGET,WIN,2.826388888888889
1,v2_hold_day,AMZN,2026-03-05 16:45:00+00:00,2026-03-05 20:55:00+00:00,1,53.2,0.315,217.8000030517578,92.40654733074413,0.27423504332221715,EOD,WIN,0.1736111111111111
1,v2_hold_day,AMZN,2026-03-10 19:55:00+00:00,2026-03-11 19:55:00+00:00,1,20.4,0.186,214.33999633789062,-61.18898535461816,-0.35007640956121167,EOD,LOSS,1.0
1,v2_hold_day,AMZN,2026-03-16 19:55:00+00:00,2026-03-17 19:55:00+00:00,1,18.6,0.179,211.75999450683594,-301.9434979221116,-1.3845588357909833,EOD,LOSS,1.0
1,v2_hold_day,AMZN,2026-03-20 19:55:00+00:00,2026-03-23 13:30:00+00:00,1,19.8,0.192,205.36000061035156,-381.6780553953998,-2.280786085018821,STOP_LOSS,LOSS,2.732638888888889
1,v2_hold_day,AMZN,2026-03-26 13:30:00+00:00,2026-03-26 19:55:00+00:00,1,49.1,0.318,208.6199951171875,6.843561934088926,0.022966084918480373,EOD,WIN,0.2673611111111111
1,v2_hold_day,AMZN,2026-03-31 19:55:00+00:00,2026-04-01 13:30:00+00:00,1,37.8,0.269,208.2899932861328,141.69871192261695,0.5197129555364983,PROFIT_TARGET,WIN,0.7326388888888888
1,v2_hold_day,AMZN,2026-04-07 13:30:00+00:00,2026-04-07 19:55:00+00:00,1,20.9,0.197,210.96400451660156,-204.77641723483765,-1.0747878684224093,EOD,LOSS,0.2673611111111111
1,v2_hold_day,AMZN,2026-04-10 19:55:00+00:00,2026-04-13 15:35:00+00:00,1,10.4,0.175,238.36000061035156,115.3569691617408,0.5235129211314592,PROFIT_TARGET,WIN,2.8194444444444446
1,v2_hold_day,AMZN,2026-04-16 15:35:00+00:00,2026-04-16 19:55:00+00:00,1,13.3,0.195,247.97999572753906,2.955797307205721,0.011294040071087377,EOD,WIN,0.18055555555555555
1,v2_hold_day,AMZN,2026-04-21 19:55:00+00:00,2026-04-22 19:55:00+00:00,1,13.1,0.193,249.9499969482422,-332.828688718493,-1.654231763977632,EOD,LOSS,1.0
1,v3_phaseB,AMZN,2026-02-24 19:30:00+00:00,2026-03-18 14:35:00+00:00,1,100.0,0.259,208.8699951171875,110.42924691568439,0.505699061214995,PROFIT_TARGET,WIN,21.79513888888889
1,v3_phaseB,AMZN,2026-03-23 14:35:00+00:00,2026-03-23 14:40:00+00:00,1,94.7,0.514,211.6199951171875,414.4956591046707,0.9022191811800107,PROFIT_TARGET,WIN,0.01
1,v3_phaseB,AMZN,2026-03-26 14:40:00+00:00,2026-03-31 16:40:00+00:00,1,55.0,0.343,211.875,178.1807781114733,0.5184774976478331,PROFIT_TARGET,WIN,5.083333333333333
1,v3_phaseB,AMZN,2026-04-06 16:40:00+00:00,2026-04-09 16:05:00+00:00,1,18.6,0.187,212.55999755859375,-335.95006080996745,-2.0538035072103824,STOP_LOSS,LOSS,2.9756944444444446
1,v3_phaseB,AMZN,2026-04-14 16:05:00+00:00,2026-04-14 16:10:00+00:00,1,47.4,0.419,248.44000244140625,363.30260475675937,0.7065036817038302,PROFIT_TARGET,WIN,0.01
1,v3_phaseB,AMZN,2026-04-17 16:10:00+00:00,2026-04-23 19:55:00+00:00,1,31.0,0.311,253.86500549316406,138.05654716883123,0.39545116039473177,END_OF_RANGE,WIN,6.15625
1,v4_filtered,AMZN,2026-02-24 19:30:00+00:00,2026-03-18 14:35:00+00:00,1,100.0,0.259,208.8699951171875,110.42924691568439,0.505699061214995,PROFIT_TARGET,WIN,21.79513888888889
1,v4_filtered,AMZN,2026-03-23 14:35:00+00:00,2026-03-23 14:40:00+00:00,1,94.7,0.514,211.6199951171875,414.4956591046707,0.9022191811800107,PROFIT_TARGET,WIN,0.01
1,v4_filtered,AMZN,2026-03-31 18:55:00+00:00,2026-04-10 14:15:00+00:00,1,40.7,0.282,208.9199981689453,-454.4890754966599,-2.1119451134124447,STOP_LOSS,LOSS,9.805555555555555
1,v4_filtered,AMZN,2026-04-17 14:45:00+00:00,2026-04-23 19:55:00+00:00,1,30.2,0.306,255.21499633789062,140.1158107089281,0.3894222767254374,END_OF_RANGE,WIN,6.215277777777778
1,v5_hedged,AMZN,2026-02-24 19:30:00+00:00,2026-03-18 14:35:00+00:00,3,100.0,0.259,208.8699951171875,331.28774074705314,0.505699061214995,PROFIT_TARGET,WIN,21.79513888888889
1,v5_hedged,AMZN,2026-03-23 14:35:00+00:00,2026-03-23 14:40:00+00:00,3,94.7,0.514,211.6199951171875,1243.4869773140122,0.9022191811800107,PROFIT_TARGET,WIN,0.01
1,v5_hedged,AMZN,2026-03-31 18:55:00+00:00,2026-04-10 14:15:00+00:00,1,40.7,0.282,208.9199981689453,-454.4890754966599,-2.1119451134124447,STOP_LOSS,LOSS,9.805555555555555
1,v5_hedged,AMZN,2026-04-17 14:45:00+00:00,2026-04-23 19:55:00+00:00,1,30.2,0.306,255.21499633789062,140.1158107089281,0.3894222767254374,END_OF_RANGE,WIN,6.215277777777778
1,v1_baseline,GOOGL,2026-02-24 19:30:00+00:00,2026-03-10 13:30:00+00:00,1,99.2,0.225,310.3999938964844,354.97875559633286,0.572597939057724,PROFIT_TARGET,WIN,13.75
1,v1_baseline,GOOGL,2026-03-13 13:30:00+00:00,2026-03-19 13:40:00+00:00,1,22.6,0.209,305.6499938964844,301.3778827333372,0.5097402540035603,PROFIT_TARGET,WIN,6.006944444444445
1,v1_baseline,GOOGL,2026-03-24 13:40:00+00:00,2026-04-01 15:05:00+00:00,1,32.7,0.245,297.6099853515625,356.69628259880426,0.554166276839319,PROFIT_TARGET,WIN,8.059027777777779
1,v1_baseline,GOOGL,2026-04-07 15:05:00+00:00,2026-04-23 19:55:00+00:00,1,19.4,0.228,299.32000732421875,-386.2121613287286,-0.6292285812146297,END_OF_RANGE,LOSS,16.20138888888889
1,v2_hold_day,GOOGL,2026-02-24 19:30:00+00:00,2026-02-24 20:55:00+00:00,1,99.2,0.225,310.3999938964844,13.288982446554076,0.04544139321781185,EOD,WIN,0.059027777777777776
1,v2_hold_day,GOOGL,2026-02-27 20:55:00+00:00,2026-03-02 17:55:00+00:00,1,40.5,0.264,311.6099853515625,196.19778962308075,0.5417371243838468,PROFIT_TARGET,WIN,2.875
1,v2_hold_day,GOOGL,2026-03-05 17:55:00+00:00,2026-03-05 20:55:00+00:00,1,37.8,0.275,299.3800048828125,81.91531553935198,0.23802518298420464,EOD,WIN,0.125
1,v2_hold_day,GOOGL,2026-03-10 19:55:00+00:00,2026-03-11 19:55:00+00:00,1,9.1,0.15,307.0400085449219,-112.48963705786687,-0.43509074378402124,EOD,LOSS,1.0
1,v2_hold_day,GOOGL,2026-03-16 19:55:00+00:00,2026-03-17 18:50:00+00:00,1,0.6,0.113,305.57000732421875,-335.4560847537531,-2.2113954236394457,STOP_LOSS,LOSS,0.9548611111111112
1,v2_hold_day,GOOGL,2026-03-20 18:50:00+00:00,2026-03-20 19:55:00+00:00,1,12.6,0.154,298.7650146484375,-58.33773775047861,-0.2695235130639583,EOD,LOSS,0.04513888888888889
1,v2_hold_day,GOOGL,2026-03-25 19:55:00+00:00,2026-03-26 16:45:00+00:00,1,15.0,0.165,290.9200134277344,-437.8827156399574,-2.039916142726653,STOP_LOSS,LOSS,0.8680555555555556
1,v2_hold_day,GOOGL,2026-03-31 16:45:00+00:00,2026-03-31 19:55:00+00:00,1,72.3,0.422,284.69000244140625,149.85410922331667,0.31720364816208674,EOD,WIN,0.13194444444444445
1,v2_hold_day,GOOGL,2026-04-06 19:55:00+00:00,2026-04-07 19:55:00+00:00,1,6.2,0.126,300.02899169921875,-387.2812579643945,-2.454987557474482,EOD,LOSS,1.0
1,v2_hold_day,GOOGL,2026-04-10 19:55:00+00:00,2026-04-13 13:30:00+00:00,1,0.0,0.086,317.25,122.3847382388852,0.5209331341829667,PROFIT_TARGET,WIN,2.732638888888889
1,v2_hold_day,GOOGL,2026-04-16 13:30:00+00:00,2026-04-16 19:55:00+00:00,1,6.3,0.129,337.0899963378906,-14.3303643004689,-0.0561099076989574,EOD,LOSS,0.2673611111111111
1,v2_hold_day,GOOGL,2026-04-21 19:55:00+00:00,2026-04-22 19:30:00+00:00,1,12.5,0.173,332.2799987792969,-623.6278173767046,-2.0354347607274157,STOP_LOSS,LOSS,0.9826388888888888
1,v3_phaseB,GOOGL,2026-02-24 19:30:00+00:00,2026-03-16 14:05:00+00:00,1,99.2,0.225,310.3999938964844,153.49334964308463,0.5185547588601954,PROFIT_TARGET,WIN,19.774305555555557
1,v3_phaseB,GOOGL,2026-03-19 14:05:00+00:00,2026-03-19 14:10:00+00:00,1,48.0,0.313,305.42498779296875,253.88267658541713,0.6827921236255176,PROFIT_TARGET,WIN,0.01
1,v3_phaseB,GOOGL,2026-03-24 14:10:00+00:00,2026-04-06 13:30:00+00:00,1,32.5,0.244,296.17999267578125,188.91600763193992,0.5573758635399239,PROFIT_TARGET,WIN,12.972222222222221
1,v3_phaseB,GOOGL,2026-04-09 13:30:00+00:00,2026-04-23 19:55:00+00:00,1,22.2,0.249,313.8900146484375,-148.25742201180506,-0.4333094066017434,END_OF_RANGE,LOSS,14.26736111111111
1,v4_filtered,GOOGL,2026-02-24 19:30:00+00:00,2026-03-16 14:05:00+00:00,1,99.2,0.225,310.3999938964844,153.49334964308463,0.5185547588601954,PROFIT_TARGET,WIN,19.774305555555557
1,v4_filtered,GOOGL,2026-03-19 14:05:00+00:00,2026-03-19 14:10:00+00:00,1,48.0,0.313,305.42498779296875,253.88267658541713,0.6827921236255176,PROFIT_TARGET,WIN,0.01
1,v4_filtered,GOOGL,2026-03-24 15:20:00+00:00,2026-04-06 13:30:00+00:00,1,33.2,0.247,296.1499938964844,198.21805214489413,0.5685669490208025,PROFIT_TARGET,WIN,12.92361111111111
1,v5_hedged,GOOGL,2026-02-24 19:30:00+00:00,2026-03-16 14:05:00+00:00,3,99.2,0.225,310.3999938964844,460.4800489292539,0.5185547588601954,PROFIT_TARGET,WIN,19.774305555555557
1,v5_hedged,GOOGL,2026-03-19 14:05:00+00:00,2026-03-19 14:10:00+00:00,1,48.0,0.313,305.42498779296875,253.88267658541713,0.6827921236255176,PROFIT_TARGET,WIN,0.01
1,v5_hedged,GOOGL,2026-03-24 15:20:00+00:00,2026-04-06 13:30:00+00:00,1,33.2,0.247,296.1499938964844,198.21805214489413,0.5685669490208025,PROFIT_TARGET,WIN,12.92361111111111
1,v1_baseline,META,2026-02-24 19:30:00+00:00,2026-03-03 15:15:00+00:00,1,100.0,0.254,638.0900268554688,418.7400306598906,0.5070585359434551,PROFIT_TARGET,WIN,6.822916666666667
1,v1_baseline,META,2026-03-06 15:15:00+00:00,2026-04-14 13:30:00+00:00,1,100.0,0.674,643.02001953125,579.4252262221697,0.6207982910617251,PROFIT_TARGET,WIN,38.927083333333336
1,v1_baseline,META,2026-04-17 13:30:00+00:00,2026-04-23 19:55:00+00:00,1,3.7,0.147,678.239990234375,-242.10574453421322,-0.33445234601613794,END_OF_RANGE,LOSS,6.267361111111111
1,v2_hold_day,META,2026-02-24 19:30:00+00:00,2026-02-24 20:55:00+00:00,1,100.0,0.254,638.0900268554688,-8.557312690749086,-0.014577670253893338,EOD,LOSS,0.059027777777777776
1,v2_hold_day,META,2026-02-27 20:55:00+00:00,2026-03-02 14:40:00+00:00,1,39.3,0.214,648.010009765625,459.1965550873084,0.8552435250622721,PROFIT_TARGET,WIN,2.7395833333333335
1,v2_hold_day,META,2026-03-05 14:40:00+00:00,2026-03-05 20:55:00+00:00,1,21.7,0.173,663.9450073242188,-152.10507229834639,-0.32979227149604556,EOD,LOSS,0.2604166666666667
1,v2_hold_day,META,2026-03-10 19:55:00+00:00,2026-03-11 18:55:00+00:00,1,8.2,0.159,654.0800170898438,218.44609528238234,0.5130213907506911,PROFIT_TARGET,WIN,0.9583333333333334
1,v2_hold_day,META,2026-03-16 18:55:00+00:00,2026-03-16 19:55:00+00:00,1,13.2,0.187,627.7399291992188,-115.4271776558895,-0.2367051868492617,EOD,LOSS,0.041666666666666664
1,v2_hold_day,META,2026-03-19 19:55:00+00:00,2026-03-20 19:55:00+00:00,1,12.0,0.181,606.8358764648438,-539.9364694265188,-1.1800278154131303,EOD,LOSS,1.0
1,v2_hold_day,META,2026-03-25 19:55:00+00:00,2026-03-26 19:55:00+00:00,1,19.6,0.223,594.9500122070312,-492.1901503561912,-0.9692431387164016,EOD,LOSS,1.0
1,v2_hold_day,META,2026-03-31 19:55:00+00:00,2026-04-01 19:55:00+00:00,1,27.8,0.278,572.02001953125,-331.48514318247,-0.571245258994293,EOD,LOSS,1.0
1,v2_hold_day,META,2026-04-07 19:55:00+00:00,2026-04-08 19:55:00+00:00,1,11.9,0.221,574.9099731445312,-508.53523050439196,-1.0347361520605196,EOD,LOSS,1.0
1,v2_hold_day,META,2026-04-13 19:55:00+00:00,2026-04-14 14:20:00+00:00,1,1.1,0.123,634.52001953125,-656.0869710520107,-2.0067102711807494,STOP_LOSS,LOSS,0.7673611111111112
1,v2_hold_day,META,2026-04-17 14:20:00+00:00,2026-04-17 19:55:00+00:00,1,12.3,0.224,683.0,-44.851777353962774,-0.07889824487053192,EOD,LOSS,0.2326388888888889
1,v2_hold_day,META,2026-04-22 19:55:00+00:00,2026-04-23 19:55:00+00:00,1,2.4,0.135,674.6699829101562,-625.1400094605874,-1.6676675368090375,EOD,LOSS,1.0
1,v3_phaseB,META,2026-02-24 19:30:00+00:00,2026-03-20 19:30:00+00:00,1,100.0,0.254,638.0900268554688,-441.1340308872008,-0.6101124317810951,HARD_DTE_21,LOSS,24.0
1,v3_phaseB,META,2026-03-25 19:30:00+00:00,2026-03-27 17:25:00+00:00,1,20.2,0.227,595.3800048828125,-1252.9847736318452,-2.033315843522502,STOP_LOSS,LOSS,1.9131944444444444
1,v3_phaseB,META,2026-04-01 17:25:00+00:00,2026-04-01 17:30:00+00:00,1,47.2,0.394,590.5900268554688,640.4675152957049,0.6604236911756022,PROFIT_TARGET,WIN,0.01
1,v3_phaseB,META,2026-04-07 17:30:00+00:00,2026-04-09 15:50:00+00:00,1,13.3,0.224,569.6300048828125,-1142.6336556901888,-2.0096623513423086,STOP_LOSS,LOSS,1.9305555555555556
1,v3_phaseB,META,2026-04-14 15:50:00+00:00,2026-04-23 19:55:00+00:00,1,20.4,0.297,664.4450073242188,324.348628271564,0.3750890849589047,END_OF_RANGE,WIN,9.17013888888889
1,v4_filtered,META,2026-02-24 19:30:00+00:00,2026-03-20 19:30:00+00:00,1,100.0,0.254,638.0900268554688,-441.1340308872008,-0.6101124317810951,HARD_DTE_21,LOSS,24.0
1,v4_filtered,META,2026-03-31 18:55:00+00:00,2026-04-15 13:30:00+00:00,1,33.4,0.311,570.4299926757812,-1541.5724590920129,-2.104011618862479,STOP_LOSS,LOSS,14.774305555555555
1,v4_filtered,META,2026-04-23 17:40:00+00:00,2026-04-23 17:45:00+00:00,1,30.3,0.386,655.1099853515625,706.9161785966987,0.6270721849374579,PROFIT_TARGET,WIN,0.01
1,v5_hedged,META,2026-02-24 19:30:00+00:00,2026-03-20 19:30:00+00:00,3,100.0,0.254,638.0900268554688,-1323.4020926616024,-0.6101124317810951,HARD_DTE_21,LOSS,24.0
1,v5_hedged,META,2026-03-31 18:55:00+00:00,2026-04-15 13:30:00+00:00,1,33.4,0.311,570.4299926757812,-1541.5724590920129,-2.104011618862479,STOP_LOSS,LOSS,14.774305555555555
1,v5_hedged,META,2026-04-23 17:40:00+00:00,2026-04-23 17:45:00+00:00,1,30.3,0.386,655.1099853515625,706.9161785966987,0.6270721849374579,PROFIT_TARGET,WIN,0.01
2,v1_baseline,TSLA,2026-02-24 19:30:00+00:00,2026-03-04 15:25:00+00:00,1,20.4,0.264,407.9700012207031,511.82338110363287,0.6871660035632761,PROFIT_TARGET,WIN,7.829861111111111
2,v1_baseline,TSLA,2026-03-09 14:25:00+00:00,2026-03-19 13:30:00+00:00,1,58.2,0.402,383.4800109863281,486.02615260638584,0.5949030577600175,PROFIT_TARGET,WIN,9.961805555555555
2,v1_baseline,TSLA,2026-03-24 13:30:00+00:00,2026-04-01 14:55:00+00:00,1,29.1,0.275,383.2200012207031,391.7362755143873,0.5303091055207603,PROFIT_TARGET,WIN,8.059027777777779
2,v1_baseline,TSLA,2026-04-07 14:55:00+00:00,2026-04-23 19:55:00+00:00,1,49.6,0.438,338.739990234375,-189.89794209634,-0.23441268557966863,END_OF_RANGE,LOSS,16.208333333333332
2,v2_hold_day,TSLA,2026-02-24 19:30:00+00:00,2026-02-24 20:55:00+00:00,1,20.4,0.264,407.9700012207031,-80.24461392777917,-0.17598931121564665,EOD,LOSS,0.059027777777777776
2,v2_hold_day,TSLA,2026-02-27 20:55:00+00:00,2026-03-02 14:45:00+00:00,1,27.7,0.25,402.4200134277344,241.4220395604128,0.5438127595444034,PROFIT_TARGET,WIN,2.7430555555555554
2,v2_hold_day,TSLA,2026-03-05 14:45:00+00:00,2026-03-05 20:55:00+00:00,1,19.5,0.236,405.0,-99.69463279690896,-0.2556932668337182,EOD,LOSS,0.2569444444444444
2,v2_hold_day,TSLA,2026-03-10 19:55:00+00:00,2026-03-11 19:55:00+00:00,1,29.9,0.28,399.2349853515625,-334.6700060376924,-0.744845978623828,EOD,LOSS,1.0
2,v2_hold_day,TSLA,2026-03-16 19:55:00+00:00,2026-03-17 19:55:00+00:00,1,10.8,0.198,395.489990234375,-94.78299551170278,-0.28962560496803524,EOD,LOSS,1.0
2,v2_hold_day,TSLA,2026-03-20 19:55:00+00:00,2026-03-23 19:55:00+00:00,1,18.8,0.23,367.9700012207031,-612.4828246629629,-1.5976784630487764,EOD,LOSS,3.0
2,v2_hold_day,TSLA,2026-03-26 19:55:00+00:00,2026-03-27 19:55:00+00:00,1,10.2,0.193,372.239990234375,-474.1542498477367,-1.355890367328259,EOD,LOSS,1.0
2,v2_hold_day,TSLA,2026-04-01 19:55:00+00:00,2026-04-02 13:30:00+00:00,1,0.7,0.153,381.32000732421875,-681.961419117469,-2.558576865576614,STOP_LOSS,LOSS,0.7326388888888888
2,v2_hold_day,TSLA,2026-04-08 13:30:00+00:00,2026-04-08 19:55:00+00:00,1,70.1,0.557,356.1841125488281,-218.0004538315673,-0.3386254621153743,EOD,LOSS,0.2673611111111111
2,v2_hold_day,TSLA,2026-04-13 19:55:00+00:00,2026-04-14 19:55:00+00:00,1,7.2,0.191,352.4049987792969,-656.8245042776975,-1.9139670809069205,EOD,LOSS,1.0
2,v2_hold_day,TSLA,2026-04-17 19:55:00+00:00,2026-04-20 13:35:00+00:00,1,15.3,0.238,400.6600036621094,330.52357555509815,0.8413781968648992,PROFIT_TARGET,WIN,2.736111111111111
2,v2_hold_day,TSLA,2026-04-23 13:35:00+00:00,2026-04-23 19:55:00+00:00,1,55.5,0.469,383.9012145996094,-219.11052586569681,-0.3558929849583546,EOD,LOSS,0.2638888888888889
2,v3_phaseB,TSLA,2026-02-24 19:30:00+00:00,2026-03-20 19:30:00+00:00,1,20.4,0.264,407.9700012207031,-515.4748214912374,-1.062182192933897,HARD_DTE_21,LOSS,24.0
2,v3_phaseB,TSLA,2026-03-25 19:30:00+00:00,2026-04-20 13:30:00+00:00,1,20.0,0.236,385.489990234375,-152.130466072681,-0.32659449535268353,HARD_DTE_21,LOSS,25.75
2,v3_phaseB,TSLA,2026-04-23 13:30:00+00:00,2026-04-23 19:55:00+00:00,1,44.6,0.405,379.0,150.26402141061618,0.22248625595062144,END_OF_RANGE,WIN,0.2673611111111111
2,v4_filtered,TSLA,2026-02-25 14:30:00+00:00,2026-03-04 20:35:00+00:00,1,94.9,0.449,418.3800048828125,410.6704803754455,0.5005424945738361,PROFIT_TARGET,WIN,7.253472222222222
2,v4_filtered,TSLA,2026-03-09 19:55:00+00:00,2026-04-02 19:55:00+00:00,1,32.8,0.293,398.6400146484375,-465.05195660014385,-0.8395651684341089,HARD_DTE_21,LOSS,24.0
2,v4_filtered,TSLA,2026-04-09 13:45:00+00:00,2026-04-23 19:55:00+00:00,1,41.1,0.389,339.8699951171875,-61.96564103574866,-0.10961461954186744,END_OF_RANGE,LOSS,14.256944444444445
2,v5_hedged,TSLA,2026-02-25 14:30:00+00:00,2026-03-04 20:35:00+00:00,3,94.9,0.449,418.3800048828125,1232.0114411263364,0.5005424945738361,PROFIT_TARGET,WIN,7.253472222222222
2,v5_hedged,TSLA,2026-03-09 19:55:00+00:00,2026-04-02 19:55:00+00:00,1,32.8,0.293,398.6400146484375,-465.05195660014385,-0.8395651684341089,HARD_DTE_21,LOSS,24.0
2,v5_hedged,TSLA,2026-04-09 13:45:00+00:00,2026-04-23 19:55:00+00:00,1,41.1,0.389,339.8699951171875,-61.96564103574866,-0.10961461954186744,END_OF_RANGE,LOSS,14.256944444444445
2,v1_baseline,AMD,2026-02-24 19:30:00+00:00,2026-03-25 13:30:00+00:00,1,100.0,0.472,213.8000030517578,621.8605402154892,0.8539056011515427,PROFIT_TARGET,WIN,28.75
2,v1_baseline,AMD,2026-03-30 13:30:00+00:00,2026-04-23 19:55:00+00:00,1,40.2,0.521,207.02499389648438,-258.77947610786055,-0.34912667737987,END_OF_RANGE,LOSS,24.26736111111111
2,v2_hold_day,AMD,2026-02-24 19:30:00+00:00,2026-02-24 20:55:00+00:00,1,100.0,0.472,213.8000030517578,52.02353881698492,0.12387267216282688,EOD,WIN,0.059027777777777776
2,v2_hold_day,AMD,2026-02-27 20:55:00+00:00,2026-03-02 14:35:00+00:00,1,0.0,0.234,200.19000244140625,-506.76779986210255,-2.5827806223755454,STOP_LOSS,LOSS,2.736111111111111
2,v2_hold_day,AMD,2026-03-05 14:35:00+00:00,2026-03-05 20:55:00+00:00,1,6.6,0.228,200.625,-100.29555719674765,-0.5067243906365431,EOD,LOSS,0.2638888888888889
2,v2_hold_day,AMD,2026-03-10 19:55:00+00:00,2026-03-11 17:00:00+00:00,1,9.3,0.242,203.24000549316406,125.93074696407488,0.5012581408421506,PROFIT_TARGET,WIN,0.8784722222222222
2,v2_hold_day,AMD,2026-03-16 17:00:00+00:00,2026-03-16 19:55:00+00:00,1,58.7,0.496,198.49000549316406,-3.3132840052719104,-0.007938731127018055,EOD,LOSS,0.12152777777777778
2,v2_hold_day,AMD,2026-03-19 19:55:00+00:00,2026-03-20 19:55:00+00:00,1,20.6,0.298,205.22999572753906,-97.1392159391474,-0.3796900437980058,EOD,LOSS,1.0
2,v2_hold_day,AMD,2026-03-25 19:55:00+00:00,2026-03-26 14:25:00+00:00,1,8.5,0.261,220.32000732421875,-499.9747896455534,-2.0671756336606855,STOP_LOSS,LOSS,0.7708333333333334
2,v2_hold_day,AMD,2026-03-31 14:25:00+00:00,2026-03-31 19:55:00+00:00,1,37.2,0.497,200.80499267578125,-0.0881584878984043,-0.0002156991808950904,EOD,LOSS,0.22916666666666666
2,v2_hold_day,AMD,2026-04-06 19:55:00+00:00,2026-04-07 19:15:00+00:00,1,0.8,0.197,220.19000244140625,92.01299356339474,0.5067428147664803,PROFIT_TARGET,WIN,0.9722222222222222
2,v2_hold_day,AMD,2026-04-10 19:15:00+00:00,2026-04-10 19:55:00+00:00,1,5.2,0.233,246.0,-153.5178488791434,-0.6079952590820709,EOD,LOSS,0.027777777777777776
2,v2_hold_day,AMD,2026-04-15 19:55:00+00:00,2026-04-16 14:45:00+00:00,1,8.5,0.221,258.1099853515625,-645.8056943649477,-2.279713199079507,STOP_LOSS,LOSS,0.7847222222222222
2,v2_hold_day,AMD,2026-04-21 14:45:00+00:00,2026-04-21 19:55:00+00:00,1,30.2,0.408,279.1700134277344,-67.04503605093626,-0.14670250446211228,EOD,LOSS,0.2152777777777778
2,v3_phaseB,AMD,2026-02-24 19:30:00+00:00,2026-03-10 13:40:00+00:00,1,100.0,0.472,213.8000030517578,241.5488797358233,0.5004540152524836,PROFIT_TARGET,WIN,13.756944444444445
2,v3_phaseB,AMD,2026-03-13 13:40:00+00:00,2026-04-06 13:40:00+00:00,1,15.5,0.274,199.1649932861328,-372.0173473927634,-1.185914324680048,HARD_DTE_21,LOSS,24.0
2,v3_phaseB,AMD,2026-04-09 13:40:00+00:00,2026-04-20 13:30:00+00:00,1,19.5,0.351,235.25999450683594,-754.4953817610768,-2.2601114804599747,STOP_LOSS,LOSS,10.993055555555555
2,v3_phaseB,AMD,2026-04-23 13:30:00+00:00,2026-04-23 19:55:00+00:00,1,11.8,0.249,302.8901062011719,-404.17704891447545,-1.2774323997992667,END_OF_RANGE,LOSS,0.2673611111111111
2,v4_filtered,AMD,2026-02-24 19:30:00+00:00,2026-03-10 13:40:00+00:00,1,100.0,0.472,213.8000030517578,241.5488797358233,0.5004540152524836,PROFIT_TARGET,WIN,13.756944444444445
2,v4_filtered,AMD,2026-03-16 13:30:00+00:00,2026-03-27 13:30:00+00:00,1,53.9,0.472,197.85000610351562,190.25459570818683,0.5270235375824832,PROFIT_TARGET,WIN,11.0
2,v4_filtered,AMD,2026-04-01 13:30:00+00:00,2026-04-01 13:35:00+00:00,1,57.9,0.667,209.0749969482422,462.32471881146387,0.7920454603535597,PROFIT_TARGET,WIN,0.01
2,v4_filtered,AMD,2026-04-08 13:30:00+00:00,2026-04-08 13:35:00+00:00,1,70.7,0.771,230.32000732421875,606.0600389838492,0.8594531375025573,PROFIT_TARGET,WIN,0.01
2,v4_filtered,AMD,2026-04-16 13:30:00+00:00,2026-04-16 13:35:00+00:00,1,70.7,0.759,268.5050048828125,696.985276189737,0.8481033479741933,PROFIT_TARGET,WIN,0.01
2,v4_filtered,AMD,2026-04-21 14:45:00+00:00,2026-04-23 19:55:00+00:00,1,30.2,0.408,279.1700134277344,-267.23975447473,-0.518988280994704,END_OF_RANGE,LOSS,2.2152777777777777
2,v5_hedged,AMD,2026-02-24 19:30:00+00:00,2026-03-10 13:40:00+00:00,3,100.0,0.472,213.8000030517578,724.6466392074699,0.5004540152524836,PROFIT_TARGET,WIN,13.756944444444445
2,v5_hedged,AMD,2026-03-16 13:30:00+00:00,2026-03-27 13:30:00+00:00,2,53.9,0.472,197.85000610351562,380.50919141637365,0.5270235375824832,PROFIT_TARGET,WIN,11.0
2,v5_hedged,AMD,2026-04-01 13:30:00+00:00,2026-04-01 13:35:00+00:00,2,57.9,0.667,209.0749969482422,924.6494376229277,0.7920454603535597,PROFIT_TARGET,WIN,0.01
2,v5_hedged,AMD,2026-04-08 13:30:00+00:00,2026-04-08 13:35:00+00:00,3,70.7,0.771,230.32000732421875,1818.1801169515475,0.8594531375025573,PROFIT_TARGET,WIN,0.01
2,v5_hedged,AMD,2026-04-16 13:30:00+00:00,2026-04-16 13:35:00+00:00,3,70.7,0.759,268.5050048828125,2090.955828569211,0.8481033479741933,PROFIT_TARGET,WIN,0.01
2,v5_hedged,AMD,2026-04-21 14:45:00+00:00,2026-04-23 19:55:00+00:00,1,30.2,0.408,279.1700134277344,-267.23975447473,-0.518988280994704,END_OF_RANGE,LOSS,2.2152777777777777
2,v1_baseline,AVGO,2026-02-24 19:30:00+00:00,2026-03-04 15:20:00+00:00,1,44.0,0.383,323.92498779296875,454.88751064200017,0.5870628919200708,PROFIT_TARGET,WIN,7.826388888888889
2,v1_baseline,AVGO,2026-03-09 14:20:00+00:00,2026-04-08 14:50:00+00:00,1,47.8,0.476,338.125,418.9650944985492,0.5078351789765486,PROFIT_TARGET,WIN,30.020833333333332
2,v1_baseline,AVGO,2026-04-13 14:50:00+00:00,2026-04-23 19:55:00+00:00,1,7.0,0.231,375.5299987792969,-315.16366995605125,-0.4602036435016652,END_OF_RANGE,LOSS,10.211805555555555
2,v2_hold_day,AVGO,2026-02-24 19:30:00+00:00,2026-02-24 20:55:00+00:00,1,44.0,0.383,323.92498779296875,55.566793243117374,0.1135680645616869,EOD,WIN,0.059027777777777776
2,v2_hold_day,AVGO,2026-02-27 20:55:00+00:00,2026-03-02 14:30:00+00:00,1,2.5,0.21,319.6199951171875,-667.5578773635012,-2.376656543607233,STOP_LOSS,LOSS,2.732638888888889
2,v2_hold_day,AVGO,2026-03-05 14:30:00+00:00,2026-03-05 20:55:00+00:00,1,63.9,0.57,325.79998779296875,-66.58277262545091,-0.10702618045932585,EOD,LOSS,0.2673611111111111
2,v2_hold_day,AVGO,2026-03-10 19:55:00+00:00,2026-03-11 19:55:00+00:00,1,11.6,0.265,342.6000061035156,63.00925907999088,0.15184038744859776,EOD,WIN,1.0
2,v2_hold_day,AVGO,2026-03-16 19:55:00+00:00,2026-03-17 19:55:00+00:00,1,7.5,0.241,324.9100036621094,-46.41511771810332,-0.1430144659216929,EOD,LOSS,1.0
2,v2_hold_day,AVGO,2026-03-20 19:55:00+00:00,2026-03-23 13:30:00+00:00,1,1.8,0.207,310.7699890136719,-724.8170569690309,-2.6339806212895867,STOP_LOSS,LOSS,2.732638888888889
2,v2_hold_day,AVGO,2026-03-26 13:30:00+00:00,2026-03-26 19:55:00+00:00,1,35.0,0.4,313.79998779296875,-74.88655999475071,-0.15131306055468985,EOD,LOSS,0.2673611111111111
2,v2_hold_day,AVGO,2026-03-31 19:55:00+00:00,2026-04-01 18:20:00+00:00,1,16.4,0.292,309.4200134277344,242.5431856271582,0.6488459993274222,PROFIT_TARGET,WIN,0.9340277777777778
2,v2_hold_day,AVGO,2026-04-07 18:20:00+00:00,2026-04-07 19:55:00+00:00,1,52.7,0.669,331.05499267578125,162.48396021491516,0.2404261353105048,EOD,WIN,0.06597222222222222
2,v2_hold_day,AVGO,2026-04-10 19:55:00+00:00,2026-04-13 13:40:00+00:00,1,3.4,0.195,371.55999755859375,268.4562930206006,0.8210811503957964,PROFIT_TARGET,WIN,2.7395833333333335
2,v2_hold_day,AVGO,2026-04-16 13:40:00+00:00,2026-04-16 19:55:00+00:00,1,8.9,0.246,398.3599853515625,-59.18617297872393,-0.14203688684494925,EOD,LOSS,0.2604166666666667
2,v2_hold_day,AVGO,2026-04-21 19:55:00+00:00,2026-04-22 19:55:00+00:00,1,11.6,0.257,402.25,-552.1936912214511,-1.2331113513826981,EOD,LOSS,1.0
2,v3_phaseB,AVGO,2026-02-24 19:30:00+00:00,2026-03-09 13:30:00+00:00,1,44.0,0.383,323.92498779296875,264.7197421496248,0.5235288990568381,PROFIT_TARGET,WIN,12.75
2,v3_phaseB,AVGO,2026-03-12 13:30:00+00:00,2026-04-06 13:30:00+00:00,1,19.1,0.308,338.4100036621094,-20.681771998150822,-0.045796336592119666,HARD_DTE_21,LOSS,25.0
2,v3_phaseB,AVGO,2026-04-09 13:30:00+00:00,2026-04-15 13:30:00+00:00,1,4.2,0.203,352.4949951171875,-760.7453286487626,-2.30103037287682,STOP_LOSS,LOSS,6.0
2,v3_phaseB,AVGO,2026-04-20 13:30:00+00:00,2026-04-23 19:55:00+00:00,1,5.4,0.205,403.45001220703125,-562.6721350679607,-1.2918621494031293,END_OF_RANGE,LOSS,3.267361111111111
2,v4_filtered,AVGO,2026-02-24 19:30:00+00:00,2026-03-09 13:30:00+00:00,1,44.0,0.383,323.92498779296875,264.7197421496248,0.5235288990568381,PROFIT_TARGET,WIN,12.75
2,v4_filtered,AVGO,2026-03-19 13:30:00+00:00,2026-03-24 13:40:00+00:00,1,38.8,0.423,309.2650146484375,284.12902412608224,0.5116713739291346,PROFIT_TARGET,WIN,5.006944444444445
2,v4_filtered,AVGO,2026-04-01 13:30:00+00:00,2026-04-15 13:30:00+00:00,1,36.4,0.409,314.4599914550781,-1369.8093363924552,-2.5675005827625337,STOP_LOSS,LOSS,14.0
2,v5_hedged,AVGO,2026-02-24 19:30:00+00:00,2026-03-09 13:30:00+00:00,1,44.0,0.383,323.92498779296875,264.7197421496248,0.5235288990568381,PROFIT_TARGET,WIN,12.75
2,v5_hedged,AVGO,2026-03-19 13:30:00+00:00,2026-03-24 13:40:00+00:00,1,38.8,0.423,309.2650146484375,284.12902412608224,0.5116713739291346,PROFIT_TARGET,WIN,5.006944444444445
2,v5_hedged,AVGO,2026-04-01 13:30:00+00:00,2026-04-15 13:30:00+00:00,1,36.4,0.409,314.4599914550781,-1369.8093363924552,-2.5675005827625337,STOP_LOSS,LOSS,14.0
2,v1_baseline,COIN,2026-02-24 19:30:00+00:00,2026-03-27 13:45:00+00:00,1,14.6,0.558,160.55999755859375,357.4987122706636,0.5158593820382239,PROFIT_TARGET,WIN,30.760416666666668
2,v1_baseline,COIN,2026-04-01 13:45:00+00:00,2026-04-08 14:55:00+00:00,1,15.9,0.615,172.68699645996094,518.1640760148305,0.6953490053137512,PROFIT_TARGET,WIN,7.048611111111111
2,v1_baseline,COIN,2026-04-13 14:55:00+00:00,2026-04-23 19:55:00+00:00,1,20.7,0.689,174.75,-232.37338118121755,-0.3027171117168798,END_OF_RANGE,LOSS,10.208333333333334
2,v2_hold_day,COIN,2026-02-24 19:30:00+00:00,2026-02-24 20:55:00+00:00,1,14.6,0.558,160.55999755859375,-63.74124407193964,-0.1723312324596622,EOD,LOSS,0.059027777777777776
2,v2_hold_day,COIN,2026-02-27 20:55:00+00:00,2026-03-02 20:55:00+00:00,1,5.5,0.473,175.89999389648438,-631.933687817767,-1.8050534827489235,EOD,LOSS,3.0
2,v2_hold_day,COIN,2026-03-05 20:55:00+00:00,2026-03-06 20:55:00+00:00,1,7.2,0.47,205.75999450683594,-381.03913461845684,-0.9575525083400759,EOD,LOSS,1.0
2,v2_hold_day,COIN,2026-03-11 19:55:00+00:00,2026-03-12 19:55:00+00:00,1,5.1,0.432,198.5399932861328,-299.29527250078235,-0.8030828594039214,EOD,LOSS,1.0
2,v2_hold_day,COIN,2026-03-17 19:55:00+00:00,2026-03-18 19:55:00+00:00,1,1.0,0.357,210.1999969482422,-458.53416654212526,-1.4676062047411844,EOD,LOSS,1.0
2,v2_hold_day,COIN,2026-03-23 19:55:00+00:00,2026-03-24 19:55:00+00:00,1,12.5,0.568,200.61000061035156,-546.1674971070163,-1.203459012926355,EOD,LOSS,1.0
2,v2_hold_day,COIN,2026-03-27 19:55:00+00:00,2026-03-30 14:00:00+00:00,1,3.8,0.39,161.14999389648438,173.00784108111955,0.624053384320265,PROFIT_TARGET,WIN,2.7534722222222223
2,v2_hold_day,COIN,2026-04-02 14:00:00+00:00,2026-04-02 19:55:00+00:00,1,27.8,0.836,164.39999389648438,-96.31633111904083,-0.18430883290152503,EOD,LOSS,0.2465277777777778
2,v2_hold_day,COIN,2026-04-08 19:55:00+00:00,2026-04-09 19:55:00+00:00,1,3.7,0.38,175.1300048828125,-315.7142997933956,-1.1386702272939697,EOD,LOSS,1.0
2,v2_hold_day,COIN,2026-04-14 19:55:00+00:00,2026-04-15 14:30:00+00:00,1,0.0,0.3,184.41000366210938,-493.1077961445995,-2.0937804999865186,STOP_LOSS,LOSS,0.7743055555555556
2,v2_hold_day,COIN,2026-04-20 14:30:00+00:00,2026-04-20 19:55:00+00:00,1,13.6,0.555,204.47999572753906,-182.94963865022876,-0.40347034817404664,EOD,LOSS,0.22569444444444445
2,v2_hold_day,COIN,2026-04-23 19:55:00+00:00,2026-04-23 19:55:00+00:00,1,7.6,0.443,198.0,-117.76485889580579,-0.2989772808692363,END_OF_RANGE,LOSS,0.01
2,v3_phaseB,COIN,2026-02-24 19:30:00+00:00,2026-03-04 16:50:00+00:00,1,14.6,0.558,160.55999755859375,-756.9761039090738,-2.001378742379655,STOP_LOSS,LOSS,7.888888888888889
2,v3_phaseB,COIN,2026-03-09 15:50:00+00:00,2026-03-09 16:00:00+00:00,1,28.9,0.872,196.63999938964844,315.69533297207164,0.5017728384378338,PROFIT_TARGET,WIN,0.01
2,v3_phaseB,COIN,2026-03-12 16:00:00+00:00,2026-04-06 13:30:00+00:00,1,11.2,0.544,196.9550018310547,-25.42702878468104,-0.057362457383375594,HARD_DTE_21,LOSS,24.895833333333332
2,v3_phaseB,COIN,2026-04-09 13:30:00+00:00,2026-04-17 14:30:00+00:00,1,7.4,0.448,172.53500366210938,-757.0520520676554,-2.1154613322360647,STOP_LOSS,LOSS,8.041666666666666
2,v3_phaseB,COIN,2026-04-22 14:30:00+00:00,2026-04-22 14:35:00+00:00,1,35.9,0.974,209.27999877929688,376.3392134789079,0.63522591949925,PROFIT_TARGET,WIN,0.01
2,v4_filtered,COIN,2026-02-25 14:30:00+00:00,2026-02-25 14:35:00+00:00,1,90.2,1.266,172.77499389648438,569.1991956620581,0.8237392930606092,PROFIT_TARGET,WIN,0.01
2,v4_filtered,COIN,2026-03-02 16:35:00+00:00,2026-03-18 16:30:00+00:00,1,30.5,0.707,183.81500244140625,286.54895008528644,0.5010714665773528,PROFIT_TARGET,WIN,15.996527777777779
2,v4_filtered,COIN,2026-04-02 14:40:00+00:00,2026-04-02 14:45:00+00:00,1,33.3,0.938,169.89999389648438,269.72418277395303,0.5813721170254458,PROFIT_TARGET,WIN,0.01
2,v4_filtered,COIN,2026-04-08 14:45:00+00:00,2026-04-08 14:50:00+00:00,1,42.9,1.111,179.5500030517578,397.60954837984207,0.7771496922128865,PROFIT_TARGET,WIN,0.01
2,v4_filtered,COIN,2026-04-14 13:30:00+00:00,2026-04-14 13:35:00+00:00,1,37.3,1.0,183.72999572753906,356.9701984331665,0.6725902586259512,PROFIT_TARGET,WIN,0.01
2,v4_filtered,COIN,2026-04-22 13:30:00+00:00,2026-04-22 13:35:00+00:00,1,34.1,0.94,204.16000366210938,341.47437005141006,0.6421163675554878,PROFIT_TARGET,WIN,0.01
2,v5_hedged,COIN,2026-02-25 14:30:00+00:00,2026-02-25 14:35:00+00:00,3,90.2,1.266,172.77499389648438,1707.597586986174,0.8237392930606092,PROFIT_TARGET,WIN,0.01
2,v5_hedged,COIN,2026-03-02 16:35:00+00:00,2026-03-18 16:30:00+00:00,1,30.5,0.707,183.81500244140625,286.54895008528644,0.5010714665773528,PROFIT_TARGET,WIN,15.996527777777779
2,v5_hedged,COIN,2026-04-02 14:40:00+00:00,2026-04-02 14:45:00+00:00,1,33.3,0.938,169.89999389648438,269.72418277395303,0.5813721170254458,PROFIT_TARGET,WIN,0.01
2,v5_hedged,COIN,2026-04-08 14:45:00+00:00,2026-04-08 14:50:00+00:00,1,42.9,1.111,179.5500030517578,397.60954837984207,0.7771496922128865,PROFIT_TARGET,WIN,0.01
2,v5_hedged,COIN,2026-04-14 13:30:00+00:00,2026-04-14 13:35:00+00:00,1,37.3,1.0,183.72999572753906,356.9701984331665,0.6725902586259512,PROFIT_TARGET,WIN,0.01
2,v5_hedged,COIN,2026-04-22 13:30:00+00:00,2026-04-22 13:35:00+00:00,1,34.1,0.94,204.16000366210938,341.47437005141006,0.6421163675554878,PROFIT_TARGET,WIN,0.01
3,v1_baseline,MSTR,2026-02-24 19:30:00+00:00,2026-03-03 15:15:00+00:00,1,48.6,0.81,124.86000061035156,364.53949441488567,0.5018750675311587,PROFIT_TARGET,WIN,6.822916666666667
3,v1_baseline,MSTR,2026-03-06 15:15:00+00:00,2026-03-12 13:50:00+00:00,1,26.9,0.779,135.1999969482422,372.58600151591384,0.5064673071176125,PROFIT_TARGET,WIN,5.940972222222222
3,v1_baseline,MSTR,2026-03-17 13:50:00+00:00,2026-04-16 19:30:00+00:00,1,1.6,0.378,147.67010498046875,290.89623964969246,0.5149696555281726,PROFIT_TARGET,WIN,30.23611111111111
3,v1_baseline,MSTR,2026-04-21 19:30:00+00:00,2026-04-23 19:55:00+00:00,1,24.0,0.642,168.44000244140625,47.54358175441027,0.06366832481467109,END_OF_RANGE,WIN,2.017361111111111
3,v2_hold_day,MSTR,2026-02-24 19:30:00+00:00,2026-02-24 20:55:00+00:00,1,48.6,0.81,124.86000061035156,94.14038092391203,0.22934698238756576,EOD,WIN,0.059027777777777776
3,v2_hold_day,MSTR,2026-02-27 20:55:00+00:00,2026-03-02 15:35:00+00:00,1,4.8,0.467,129.72000122070312,-613.0777645401772,-2.414521630055308,STOP_LOSS,LOSS,2.7777777777777777
3,v2_hold_day,MSTR,2026-03-05 15:35:00+00:00,2026-03-05 20:55:00+00:00,1,9.1,0.55,142.27999877929688,47.47914349120261,0.12862431754783407,EOD,WIN,0.2222222222222222
3,v2_hold_day,MSTR,2026-03-10 19:55:00+00:00,2026-03-11 17:05:00+00:00,1,7.6,0.532,138.47000122070312,168.08490416047064,0.5079641638942356,PROFIT_TARGET,WIN,0.8819444444444444
3,v2_hold_day,MSTR,2026-03-16 17:05:00+00:00,2026-03-16 19:55:00+00:00,1,55.7,1.112,145.5050048828125,172.1625020976303,0.2990305378922256,EOD,WIN,0.11805555555555555
3,v2_hold_day,MSTR,2026-03-19 19:55:00+00:00,2026-03-20 19:55:00+00:00,1,7.8,0.462,138.24000549316406,-124.77140911553444,-0.41149738672167196,EOD,LOSS,1.0
3,v2_hold_day,MSTR,2026-03-25 19:55:00+00:00,2026-03-26 19:55:00+00:00,1,4.2,0.414,139.10000610351562,-459.5803217167241,-1.828052044653665,EOD,LOSS,1.0
3,v2_hold_day,MSTR,2026-03-31 19:55:00+00:00,2026-04-01 15:50:00+00:00,1,17.0,0.585,124.86000061035156,158.17419241868325,0.5201811982180007,PROFIT_TARGET,WIN,0.8298611111111112
3,v2_hold_day,MSTR,2026-04-07 15:50:00+00:00,2026-04-07 19:55:00+00:00,1,14.9,0.556,122.73500061035156,29.02278749258005,0.08524797522845431,EOD,WIN,0.1701388888888889
3,v2_hold_day,MSTR,2026-04-10 19:55:00+00:00,2026-04-13 13:55:00+00:00,1,0.0,0.329,128.6300048828125,158.51280650579486,0.7554345136225709,PROFIT_TARGET,WIN,2.75
3,v2_hold_day,MSTR,2026-04-16 13:55:00+00:00,2026-04-16 19:55:00+00:00,1,16.2,0.532,140.60499572753906,-470.28685670364814,-1.498392115130786,EOD,LOSS,0.25
3,v2_hold_day,MSTR,2026-04-21 19:55:00+00:00,2026-04-22 19:55:00+00:00,1,24.5,0.65,163.9600067138672,-563.4982883529483,-1.290945002163154,EOD,LOSS,1.0
3,v3_phaseB,MSTR,2026-02-24 19:30:00+00:00,2026-02-25 14:30:00+00:00,1,48.6,0.81,124.86000061035156,216.15093447721048,0.5528198190875631,PROFIT_TARGET,WIN,0.7916666666666666
3,v3_phaseB,MSTR,2026-03-02 14:30:00+00:00,2026-03-20 13:30:00+00:00,1,30.4,0.641,132.8927001953125,211.22570152650385,0.5154057637814072,PROFIT_TARGET,WIN,17.958333333333332
3,v3_phaseB,MSTR,2026-03-25 13:30:00+00:00,2026-03-25 13:35:00+00:00,1,45.5,0.973,142.4550018310547,281.49599492807187,0.650858930840437,PROFIT_TARGET,WIN,0.01
3,v3_phaseB,MSTR,2026-03-30 13:35:00+00:00,2026-04-13 13:55:00+00:00,1,23.3,0.671,128.72500610351562,181.51877186407756,0.5005289914052448,PROFIT_TARGET,WIN,14.01388888888889
3,v3_phaseB,MSTR,2026-04-16 13:55:00+00:00,2026-04-23 19:55:00+00:00,1,16.2,0.532,140.60499572753906,-374.53575777451545,-1.1359085158325963,END_OF_RANGE,LOSS,7.25
3,v4_filtered,MSTR,2026-02-24 19:30:00+00:00,2026-02-25 14:30:00+00:00,1,48.6,0.81,124.86000061035156,216.15093447721048,0.5528198190875631,PROFIT_TARGET,WIN,0.7916666666666666
3,v4_filtered,MSTR,2026-03-02 14:30:00+00:00,2026-03-20 13:30:00+00:00,1,30.4,0.641,132.8927001953125,211.22570152650385,0.5154057637814072,PROFIT_TARGET,WIN,17.958333333333332
3,v4_filtered,MSTR,2026-03-25 13:30:00+00:00,2026-03-25 13:35:00+00:00,1,45.5,0.973,142.4550018310547,281.49599492807187,0.650858930840437,PROFIT_TARGET,WIN,0.01
3,v4_filtered,MSTR,2026-04-02 14:40:00+00:00,2026-04-02 14:45:00+00:00,1,41.2,0.914,121.28500366210938,219.85427959890464,0.5688724532177796,PROFIT_TARGET,WIN,0.01
3,v4_filtered,MSTR,2026-04-08 14:45:00+00:00,2026-04-08 14:50:00+00:00,1,67.0,1.265,128.39999389648438,343.9759909401402,0.872671956340423,PROFIT_TARGET,WIN,0.01
3,v4_filtered,MSTR,2026-04-14 13:30:00+00:00,2026-04-14 13:35:00+00:00,1,41.8,0.896,138.6800994873047,237.62061604129397,0.6305992831096899,PROFIT_TARGET,WIN,0.01
3,v4_filtered,MSTR,2026-04-17 13:35:00+00:00,2026-04-17 13:40:00+00:00,1,64.0,1.205,156.18499755859375,510.85112752750774,0.8592735073205108,PROFIT_TARGET,WIN,0.01
3,v4_filtered,MSTR,2026-04-22 13:40:00+00:00,2026-04-22 13:45:00+00:00,1,90.1,1.574,178.7050018310547,688.0580954714188,0.9444390886906487,PROFIT_TARGET,WIN,0.01
3,v5_hedged,MSTR,2026-02-24 19:30:00+00:00,2026-02-25 14:30:00+00:00,1,48.6,0.81,124.86000061035156,216.15093447721048,0.5528198190875631,PROFIT_TARGET,WIN,0.7916666666666666
3,v5_hedged,MSTR,2026-03-02 14:30:00+00:00,2026-03-20 13:30:00+00:00,1,30.4,0.641,132.8927001953125,211.22570152650385,0.5154057637814072,PROFIT_TARGET,WIN,17.958333333333332
3,v5_hedged,MSTR,2026-03-25 13:30:00+00:00,2026-03-25 13:35:00+00:00,1,45.5,0.973,142.4550018310547,281.49599492807187,0.650858930840437,PROFIT_TARGET,WIN,0.01
3,v5_hedged,MSTR,2026-04-02 14:40:00+00:00,2026-04-02 14:45:00+00:00,1,41.2,0.914,121.28500366210938,219.85427959890464,0.5688724532177796,PROFIT_TARGET,WIN,0.01
3,v5_hedged,MSTR,2026-04-08 14:45:00+00:00,2026-04-08 14:50:00+00:00,2,67.0,1.265,128.39999389648438,687.9519818802804,0.872671956340423,PROFIT_TARGET,WIN,0.01
3,v5_hedged,MSTR,2026-04-14 13:30:00+00:00,2026-04-14 13:35:00+00:00,1,41.8,0.896,138.6800994873047,237.62061604129397,0.6305992831096899,PROFIT_TARGET,WIN,0.01
3,v5_hedged,MSTR,2026-04-17 13:35:00+00:00,2026-04-17 13:40:00+00:00,2,64.0,1.205,156.18499755859375,1021.7022550550155,0.8592735073205108,PROFIT_TARGET,WIN,0.01
3,v5_hedged,MSTR,2026-04-22 13:40:00+00:00,2026-04-22 13:45:00+00:00,3,90.1,1.574,178.7050018310547,2064.1742864142566,0.9444390886906487,PROFIT_TARGET,WIN,0.01
3,v1_baseline,DELL,2026-02-24 19:30:00+00:00,2026-04-23 19:55:00+00:00,1,94.9,0.382,120.52999877929688,-524.1445175237208,-1.1014808989860563,END_OF_RANGE,LOSS,58.017361111111114
3,v2_hold_day,DELL,2026-02-24 19:30:00+00:00,2026-02-24 20:55:00+00:00,1,94.9,0.382,120.52999877929688,-31.22269696923212,-0.15890939309671198,EOD,LOSS,0.059027777777777776
3,v2_hold_day,DELL,2026-02-27 20:55:00+00:00,2026-03-02 14:30:00+00:00,1,6.0,0.391,147.9499969482422,181.79296386860725,0.6156312915178007,PROFIT_TARGET,WIN,2.732638888888889
3,v2_hold_day,DELL,2026-03-05 14:30:00+00:00,2026-03-05 20:55:00+00:00,1,2.7,0.297,147.0198974609375,-21.674623457818633,-0.08684033104078048,EOD,LOSS,0.2673611111111111
3,v2_hold_day,DELL,2026-03-10 19:55:00+00:00,2026-03-11 19:55:00+00:00,1,2.7,0.295,143.82000732421875,-35.50533752139175,-0.17619634826631492,EOD,LOSS,1.0
3,v2_hold_day,DELL,2026-03-16 19:55:00+00:00,2026-03-17 17:35:00+00:00,1,1.7,0.266,156.58999633789062,117.57437143217749,0.5382714871194517,PROFIT_TARGET,WIN,0.9027777777777778
3,v2_hold_day,DELL,2026-03-20 17:35:00+00:00,2026-03-20 17:40:00+00:00,1,40.6,1.392,164.36500549316406,367.27483065340715,0.534849708705906,PROFIT_TARGET,WIN,0.01
3,v2_hold_day,DELL,2026-03-25 17:40:00+00:00,2026-03-25 19:55:00+00:00,1,14.9,0.648,180.69500732421875,-3.572090228577718,-0.007702129002030774,EOD,LOSS,0.09375
3,v2_hold_day,DELL,2026-03-30 19:55:00+00:00,2026-03-31 15:50:00+00:00,1,6.3,0.4,164.69000244140625,-554.7731565649158,-2.012311694350104,STOP_LOSS,LOSS,0.8298611111111112
3,v2_hold_day,DELL,2026-04-06 15:50:00+00:00,2026-04-06 19:55:00+00:00,1,5.5,0.369,173.7100067138672,-52.216748650307345,-0.18192484442003867,EOD,LOSS,0.1701388888888889
3,v2_hold_day,DELL,2026-04-09 19:55:00+00:00,2026-04-10 17:20:00+00:00,1,1.9,0.264,181.44000244140625,116.61445012693368,0.5025552367629607,PROFIT_TARGET,WIN,0.8923611111111112
3,v2_hold_day,DELL,2026-04-15 17:20:00+00:00,2026-04-15 19:55:00+00:00,1,9.9,0.466,179.25,-40.17766327153636,-0.11452811886820048,EOD,LOSS,0.1076388888888889
3,v2_hold_day,DELL,2026-04-20 19:55:00+00:00,2026-04-21 16:35:00+00:00,1,2.7,0.255,204.25,-451.1692635360758,-2.0002884729101975,STOP_LOSS,LOSS,0.8611111111111112
3,v3_phaseB,DELL,2026-02-24 19:30:00+00:00,2026-02-27 14:30:00+00:00,1,94.9,0.382,120.52999877929688,-428.8944370425803,-2.6834497051941044,STOP_LOSS,LOSS,2.7916666666666665
3,v3_phaseB,DELL,2026-03-04 14:30:00+00:00,2026-03-25 13:30:00+00:00,1,8.2,0.455,146.57000732421875,-601.8487142859916,-2.350947748936241,STOP_LOSS,LOSS,20.958333333333332
3,v3_phaseB,DELL,2026-03-30 13:30:00+00:00,2026-04-20 13:50:00+00:00,1,3.4,0.316,169.80999755859375,-567.1571477853842,-2.0954321837940117,STOP_LOSS,LOSS,21.01388888888889
3,v3_phaseB,DELL,2026-04-23 13:50:00+00:00,2026-04-23 19:55:00+00:00,1,7.0,0.379,217.4550018310547,-221.67984993251136,-0.500274017423071,END_OF_RANGE,LOSS,0.2534722222222222
3,v4_filtered,DELL,2026-02-24 19:30:00+00:00,2026-02-27 14:30:00+00:00,1,94.9,0.382,120.52999877929688,-428.8944370425803,-2.6834497051941044,STOP_LOSS,LOSS,2.7916666666666665
3,v4_filtered,DELL,2026-03-20 13:30:00+00:00,2026-03-20 13:35:00+00:00,1,37.3,1.296,167.67999267578125,608.9270761629879,0.9708812771883316,PROFIT_TARGET,WIN,0.01
3,v4_filtered,DELL,2026-04-08 13:30:00+00:00,2026-04-08 13:35:00+00:00,1,34.9,1.221,189.30999755859375,566.833910098849,0.9672680317672637,PROFIT_TARGET,WIN,0.01
3,v5_hedged,DELL,2026-02-24 19:30:00+00:00,2026-02-27 14:30:00+00:00,3,94.9,0.382,120.52999877929688,-1286.683311127741,-2.6834497051941044,STOP_LOSS,LOSS,2.7916666666666665
3,v5_hedged,DELL,2026-03-20 13:30:00+00:00,2026-03-20 13:35:00+00:00,1,37.3,1.296,167.67999267578125,608.9270761629879,0.9708812771883316,PROFIT_TARGET,WIN,0.01
3,v5_hedged,DELL,2026-04-08 13:30:00+00:00,2026-04-08 13:35:00+00:00,1,34.9,1.221,189.30999755859375,566.833910098849,0.9672680317672637,PROFIT_TARGET,WIN,0.01
3,v1_baseline,INTC,2026-02-24 19:30:00+00:00,2026-03-02 14:30:00+00:00,1,72.7,0.451,46.30500030517578,146.6825082105041,0.5823040504386428,PROFIT_TARGET,WIN,5.791666666666667
3,v1_baseline,INTC,2026-03-05 14:30:00+00:00,2026-03-12 13:55:00+00:00,1,18.8,0.456,45.58000183105469,119.81957682222341,0.5135167373642567,PROFIT_TARGET,WIN,6.975694444444445
3,v1_baseline,INTC,2026-03-17 13:55:00+00:00,2026-03-23 13:30:00+00:00,1,33.0,0.617,45.260101318359375,201.53538723875766,0.6575161135880128,PROFIT_TARGET,WIN,5.982638888888889
3,v1_baseline,INTC,2026-03-26 13:30:00+00:00,2026-04-08 13:30:00+00:00,1,23.1,0.505,46.20000076293945,-727.5541443337994,-2.670465461412327,STOP_LOSS,LOSS,13.0
3,v1_baseline,INTC,2026-04-13 13:30:00+00:00,2026-04-20 13:35:00+00:00,1,34.5,0.63,64.31500244140625,232.2063224222326,0.5329331227776154,PROFIT_TARGET,WIN,7.003472222222222
3,v1_baseline,INTC,2026-04-23 13:35:00+00:00,2026-04-23 19:55:00+00:00,1,35.9,0.645,68.12000274658203,40.16910315185997,0.0829562987447942,END_OF_RANGE,WIN,0.2638888888888889
3,v2_hold_day,INTC,2026-02-24 19:30:00+00:00,2026-02-24 20:55:00+00:00,1,72.7,0.451,46.30500030517578,8.325177798764848,0.05832695533578188,EOD,WIN,0.059027777777777776
3,v2_hold_day,INTC,2026-02-27 20:55:00+00:00,2026-03-02 14:30:00+00:00,1,5.8,0.263,45.60900115966797,62.53126105690035,0.8672374003978873,PROFIT_TARGET,WIN,2.732638888888889
3,v2_hold_day,INTC,2026-03-05 14:30:00+00:00,2026-03-05 20:55:00+00:00,1,18.8,0.456,45.58000183105469,-16.542947933319297,-0.1677408499897809,EOD,LOSS,0.2673611111111111
3,v2_hold_day,INTC,2026-03-10 19:55:00+00:00,2026-03-11 19:55:00+00:00,1,6.7,0.32,46.790000915527344,-116.00108678150495,-0.6444370449987784,EOD,LOSS,1.0
3,v2_hold_day,INTC,2026-03-16 19:55:00+00:00,2026-03-17 13:30:00+00:00,1,26.3,0.542,45.7400016784668,69.51914768007528,0.5823507796403957,PROFIT_TARGET,WIN,0.7326388888888888
3,v2_hold_day,INTC,2026-03-20 13:30:00+00:00,2026-03-20 19:55:00+00:00,1,10.2,0.36,46.665000915527344,48.168607641924766,0.28546053791184706,EOD,WIN,0.2673611111111111
3,v2_hold_day,INTC,2026-03-25 19:55:00+00:00,2026-03-26 13:35:00+00:00,1,8.0,0.334,47.20000076293945,134.31387717184057,0.6087314408833504,PROFIT_TARGET,WIN,0.7361111111111112
3,v2_hold_day,INTC,2026-03-31 13:35:00+00:00,2026-03-31 19:55:00+00:00,1,27.8,0.554,41.83000183105469,-224.65904554179278,-1.1845114121185265,EOD,LOSS,0.2638888888888889
3,v2_hold_day,INTC,2026-04-06 19:55:00+00:00,2026-04-07 16:40:00+00:00,1,5.4,0.299,50.76499938964844,-203.7790976144955,-2.2443849925880617,STOP_LOSS,LOSS,0.8645833333333334
3,v2_hold_day,INTC,2026-04-10 16:40:00+00:00,2026-04-10 19:55:00+00:00,1,18.4,0.447,62.275001525878906,-10.30698421162528,-0.04388082495451223,EOD,LOSS,0.13541666666666666
3,v2_hold_day,INTC,2026-04-15 19:55:00+00:00,2026-04-16 15:05:00+00:00,1,6.8,0.315,64.93499755859375,-175.4830994641357,-2.0480932511654473,STOP_LOSS,LOSS,0.7986111111111112
3,v2_hold_day,INTC,2026-04-21 15:05:00+00:00,2026-04-21 19:55:00+00:00,1,25.7,0.529,66.54000091552734,28.951517397655447,0.14856980229410371,EOD,WIN,0.2013888888888889
3,v3_phaseB,INTC,2026-02-24 19:30:00+00:00,2026-03-20 13:30:00+00:00,1,72.7,0.451,46.30500030517578,46.973497478823134,0.5047746168357564,PROFIT_TARGET,WIN,23.75
3,v3_phaseB,INTC,2026-03-25 13:30:00+00:00,2026-03-25 13:35:00+00:00,1,48.7,0.795,45.830101013183594,77.07724615153411,0.7659196694924192,PROFIT_TARGET,WIN,0.01
3,v3_phaseB,INTC,2026-03-30 13:35:00+00:00,2026-04-08 13:30:00+00:00,1,8.3,0.332,42.974998474121094,-222.067085120895,-2.447708725977067,STOP_LOSS,LOSS,8.996527777777779
3,v3_phaseB,INTC,2026-04-13 13:30:00+00:00,2026-04-16 13:30:00+00:00,1,34.5,0.63,64.31500244140625,104.48151182310133,0.5010234512055582,PROFIT_TARGET,WIN,3.0
3,v3_phaseB,INTC,2026-04-21 13:30:00+00:00,2026-04-23 19:55:00+00:00,1,23.9,0.509,67.31999969482422,13.269185600583633,0.0865309608640901,END_OF_RANGE,WIN,2.267361111111111
3,v4_filtered,INTC,2026-02-24 19:30:00+00:00,2026-03-20 13:30:00+00:00,1,72.7,0.451,46.30500030517578,46.973497478823134,0.5047746168357564,PROFIT_TARGET,WIN,23.75
3,v4_filtered,INTC,2026-03-25 13:30:00+00:00,2026-03-25 13:35:00+00:00,1,48.7,0.795,45.830101013183594,77.07724615153411,0.7659196694924192,PROFIT_TARGET,WIN,0.01
3,v4_filtered,INTC,2026-04-01 13:30:00+00:00,2026-04-01 13:35:00+00:00,1,69.1,1.023,46.439998626708984,137.25888239818426,0.9046706116119602,PROFIT_TARGET,WIN,0.01
3,v4_filtered,INTC,2026-04-08 13:30:00+00:00,2026-04-08 13:35:00+00:00,1,67.8,1.008,55.60499954223633,76.93296553655824,0.8993289879680506,PROFIT_TARGET,WIN,0.01
3,v4_filtered,INTC,2026-04-13 13:35:00+00:00,2026-04-16 13:35:00+00:00,1,34.6,0.631,64.45860290527344,105.88106893169682,0.5090939324365696,PROFIT_TARGET,WIN,3.0
3,v5_hedged,INTC,2026-02-24 19:30:00+00:00,2026-03-20 13:30:00+00:00,3,72.7,0.451,46.30500030517578,140.9204924364694,0.5047746168357564,PROFIT_TARGET,WIN,23.75
3,v5_hedged,INTC,2026-03-25 13:30:00+00:00,2026-03-25 13:35:00+00:00,1,48.7,0.795,45.830101013183594,77.07724615153411,0.7659196694924192,PROFIT_TARGET,WIN,0.01
3,v5_hedged,INTC,2026-04-01 13:30:00+00:00,2026-04-01 13:35:00+00:00,2,69.1,1.023,46.439998626708984,274.5177647963685,0.9046706116119602,PROFIT_TARGET,WIN,0.01
3,v5_hedged,INTC,2026-04-08 13:30:00+00:00,2026-04-08 13:35:00+00:00,2,67.8,1.008,55.60499954223633,153.86593107311649,0.8993289879680506,PROFIT_TARGET,WIN,0.01
3,v5_hedged,INTC,2026-04-13 13:35:00+00:00,2026-04-16 13:35:00+00:00,1,34.6,0.631,64.45860290527344,105.88106893169682,0.5090939324365696,PROFIT_TARGET,WIN,3.0
3,v1_baseline,PLTR,2026-02-24 19:30:00+00:00,2026-04-09 13:45:00+00:00,1,95.8,0.528,128.67999267578125,487.8471460527523,0.7895732437850674,PROFIT_TARGET,WIN,43.760416666666664
3,v1_baseline,PLTR,2026-04-14 13:45:00+00:00,2026-04-23 19:55:00+00:00,1,53.9,0.635,136.76499938964844,26.098515134452427,0.03814939393966851,END_OF_RANGE,WIN,9.256944444444445
3,v2_hold_day,PLTR,2026-02-24 19:30:00+00:00,2026-02-24 20:55:00+00:00,1,95.8,0.528,128.67999267578125,52.83105386531659,0.17421009360834347,EOD,WIN,0.059027777777777776
3,v2_hold_day,PLTR,2026-02-27 20:55:00+00:00,2026-03-02 14:30:00+00:00,1,21.5,0.393,137.2100067138672,-582.7499426921612,-2.0076556853930656,STOP_LOSS,LOSS,2.732638888888889
3,v2_hold_day,PLTR,2026-03-05 14:30:00+00:00,2026-03-05 20:55:00+00:00,1,4.8,0.273,154.02999877929688,-118.17761508257007,-0.6149200165597504,EOD,LOSS,0.2673611111111111
3,v2_hold_day,PLTR,2026-03-10 19:55:00+00:00,2026-03-11 15:35:00+00:00,1,19.4,0.379,151.1699981689453,139.09672672428655,0.5422693033697958,PROFIT_TARGET,WIN,0.8194444444444444
3,v2_hold_day,PLTR,2026-03-16 15:35:00+00:00,2026-03-16 19:55:00+00:00,1,19.2,0.352,152.35000610351562,-41.20040395516633,-0.13837020322322252,EOD,LOSS,0.18055555555555555
3,v2_hold_day,PLTR,2026-03-19 19:55:00+00:00,2026-03-20 19:55:00+00:00,1,13.1,0.293,155.6999969482422,-224.81910455395612,-1.1316551478353944,EOD,LOSS,1.0
3,v2_hold_day,PLTR,2026-03-25 19:55:00+00:00,2026-03-26 14:45:00+00:00,1,15.2,0.309,154.99000549316406,-428.03456907708954,-2.13671153206786,STOP_LOSS,LOSS,0.7847222222222222
3,v2_hold_day,PLTR,2026-03-31 14:45:00+00:00,2026-03-31 19:55:00+00:00,1,34.5,0.458,141.71499633789062,-312.48605839649815,-1.0313249467567756,EOD,LOSS,0.2152777777777778
3,v2_hold_day,PLTR,2026-04-06 19:55:00+00:00,2026-04-07 19:15:00+00:00,1,3.1,0.216,147.9499969482422,158.6242087646577,0.714785411020441,PROFIT_TARGET,WIN,0.9722222222222222
3,v2_hold_day,PLTR,2026-04-10 19:15:00+00:00,2026-04-10 19:55:00+00:00,1,69.3,0.762,128.18020629882812,141.93156589543202,0.33537282306153643,EOD,WIN,0.027777777777777776
3,v2_hold_day,PLTR,2026-04-15 19:55:00+00:00,2026-04-16 19:55:00+00:00,1,6.1,0.243,142.14999389648438,-37.711813043124124,-0.15959019093408588,EOD,LOSS,1.0
3,v2_hold_day,PLTR,2026-04-21 19:55:00+00:00,2026-04-22 14:20:00+00:00,1,17.4,0.335,145.97000122070312,-461.4920745706458,-2.109292871599194,STOP_LOSS,LOSS,0.7673611111111112
3,v3_phaseB,PLTR,2026-02-24 19:30:00+00:00,2026-03-20 19:30:00+00:00,1,95.8,0.528,128.67999267578125,65.56865375655758,0.2087604547812711,HARD_DTE_21,WIN,24.0
3,v3_phaseB,PLTR,2026-03-25 19:30:00+00:00,2026-04-10 13:30:00+00:00,1,16.3,0.317,155.6199951171875,-489.05391413427174,-2.168995896319599,STOP_LOSS,LOSS,15.75
3,v3_phaseB,PLTR,2026-04-15 13:30:00+00:00,2026-04-22 14:25:00+00:00,1,9.0,0.266,136.7899932861328,-311.1411296438989,-2.009745724605765,STOP_LOSS,LOSS,7.038194444444445
3,v4_filtered,PLTR,2026-02-24 19:30:00+00:00,2026-03-20 19:30:00+00:00,1,95.8,0.528,128.67999267578125,65.56865375655758,0.2087604547812711,HARD_DTE_21,WIN,24.0
3,v4_filtered,PLTR,2026-04-01 13:45:00+00:00,2026-04-20 13:35:00+00:00,1,32.0,0.439,144.77000427246094,141.6154518197148,0.5135742111256663,PROFIT_TARGET,WIN,18.993055555555557
3,v4_filtered,PLTR,2026-04-23 13:35:00+00:00,2026-04-23 13:40:00+00:00,1,50.1,0.604,148.46499633789062,248.71823823910856,0.5771465724821138,PROFIT_TARGET,WIN,0.01
3,v5_hedged,PLTR,2026-02-24 19:30:00+00:00,2026-03-20 19:30:00+00:00,3,95.8,0.528,128.67999267578125,196.70596126967274,0.2087604547812711,HARD_DTE_21,WIN,24.0
3,v5_hedged,PLTR,2026-04-01 13:45:00+00:00,2026-04-20 13:35:00+00:00,1,32.0,0.439,144.77000427246094,141.6154518197148,0.5135742111256663,PROFIT_TARGET,WIN,18.993055555555557
3,v5_hedged,PLTR,2026-04-23 13:35:00+00:00,2026-04-23 13:40:00+00:00,2,50.1,0.604,148.46499633789062,497.4364764782171,0.5771465724821138,PROFIT_TARGET,WIN,0.01
3,v1_baseline,MU,2026-02-24 19:30:00+00:00,2026-03-11 14:10:00+00:00,1,60.2,0.645,419.25,605.3557192880418,0.6772741930835844,PROFIT_TARGET,WIN,14.777777777777779
3,v1_baseline,MU,2026-03-16 14:10:00+00:00,2026-04-14 15:45:00+00:00,1,63.9,1.037,447.33990478515625,609.6297271335796,0.6505986806974541,PROFIT_TARGET,WIN,29.06597222222222
3,v1_baseline,MU,2026-04-17 15:45:00+00:00,2026-04-23 19:55:00+00:00,1,25.2,0.563,456.875,-70.28707436401191,-0.07918560074330606,END_OF_RANGE,LOSS,6.173611111111111
3,v2_hold_day,MU,2026-02-24 19:30:00+00:00,2026-02-24 20:55:00+00:00,1,60.2,0.645,419.25,33.64196800917938,0.046065862662593354,EOD,WIN,0.059027777777777776
3,v2_hold_day,MU,2026-02-27 20:55:00+00:00,2026-03-02 14:40:00+00:00,1,5.3,0.312,412.25,408.7161516230169,0.793901084464971,PROFIT_TARGET,WIN,2.7395833333333335
3,v2_hold_day,MU,2026-03-05 14:40:00+00:00,2026-03-05 20:55:00+00:00,1,0.7,0.274,397.6099853515625,-190.48528102494123,-0.4075657621623757,EOD,LOSS,0.2604166666666667
3,v2_hold_day,MU,2026-03-10 19:55:00+00:00,2026-03-11 19:55:00+00:00,1,5.0,0.326,403.45001220703125,-485.3965973652702,-0.9434062903487879,EOD,LOSS,1.0
3,v2_hold_day,MU,2026-03-16 19:55:00+00:00,2026-03-17 19:55:00+00:00,1,8.0,0.339,441.7799987792969,-442.2970059140479,-0.7930706482166074,EOD,LOSS,1.0
3,v2_hold_day,MU,2026-03-20 19:55:00+00:00,2026-03-23 13:30:00+00:00,1,18.0,0.437,423.0,469.7526701607199,0.7468995520978658,PROFIT_TARGET,WIN,2.732638888888889
3,v2_hold_day,MU,2026-03-26 13:30:00+00:00,2026-03-26 19:55:00+00:00,1,24.7,0.527,373.8301086425781,-295.2781111555744,-0.4588100114510949,EOD,LOSS,0.2673611111111111
3,v2_hold_day,MU,2026-03-31 19:55:00+00:00,2026-04-01 19:55:00+00:00,1,28.7,0.581,337.614990234375,-350.11558178362634,-0.5387360619291197,EOD,LOSS,1.0
3,v2_hold_day,MU,2026-04-07 19:55:00+00:00,2026-04-08 19:55:00+00:00,1,13.3,0.389,377.70001220703125,-439.10493459272254,-0.7828662072628173,EOD,LOSS,1.0
3,v2_hold_day,MU,2026-04-13 19:55:00+00:00,2026-04-14 19:55:00+00:00,1,9.6,0.336,426.489990234375,-459.1201834220172,-0.8488412759848764,EOD,LOSS,1.0
3,v2_hold_day,MU,2026-04-17 19:55:00+00:00,2026-04-20 13:30:00+00:00,1,7.4,0.303,455.0199890136719,388.89903030497453,0.7458718162128317,PROFIT_TARGET,WIN,2.732638888888889
3,v2_hold_day,MU,2026-04-23 13:30:00+00:00,2026-04-23 19:55:00+00:00,1,21.0,0.502,477.30999755859375,-31.571151316480695,-0.04504763956186079,EOD,LOSS,0.2673611111111111
3,v3_phaseB,MU,2026-02-24 19:30:00+00:00,2026-03-10 13:35:00+00:00,1,60.2,0.645,419.25,619.7667735737216,0.5075960575085461,PROFIT_TARGET,WIN,13.753472222222221
3,v3_phaseB,MU,2026-03-13 13:35:00+00:00,2026-03-20 19:55:00+00:00,1,35.8,0.687,418.75,624.6451281744679,0.5014448484111933,PROFIT_TARGET,WIN,7.263888888888889
3,v3_phaseB,MU,2026-03-25 19:55:00+00:00,2026-04-14 17:20:00+00:00,1,11.8,0.354,382.0899963378906,-1100.7105807626929,-2.025225930301292,STOP_LOSS,LOSS,19.89236111111111
3,v3_phaseB,MU,2026-04-17 17:20:00+00:00,2026-04-23 19:55:00+00:00,1,26.3,0.578,456.57000732421875,126.33606035797396,0.10371363926554725,END_OF_RANGE,WIN,6.107638888888889
3,v4_filtered,MU,2026-02-24 19:30:00+00:00,2026-03-10 13:35:00+00:00,1,60.2,0.645,419.25,619.7667735737216,0.5075960575085461,PROFIT_TARGET,WIN,13.753472222222221
3,v4_filtered,MU,2026-03-13 13:35:00+00:00,2026-03-20 19:55:00+00:00,1,35.8,0.687,418.75,624.6451281744679,0.5014448484111933,PROFIT_TARGET,WIN,7.263888888888889
3,v4_filtered,MU,2026-03-31 18:55:00+00:00,2026-04-14 19:55:00+00:00,1,36.0,0.679,332.4200134277344,-2038.397318712309,-2.0663982999538946,STOP_LOSS,LOSS,14.041666666666666
3,v4_filtered,MU,2026-04-22 13:30:00+00:00,2026-04-22 18:05:00+00:00,1,38.1,0.75,466.0,718.8887938438631,0.5001089187328552,PROFIT_TARGET,WIN,0.1909722222222222
3,v5_hedged,MU,2026-02-24 19:30:00+00:00,2026-03-10 13:35:00+00:00,2,60.2,0.645,419.25,1239.5335471474432,0.5075960575085461,PROFIT_TARGET,WIN,13.753472222222221
3,v5_hedged,MU,2026-03-13 13:35:00+00:00,2026-03-20 19:55:00+00:00,1,35.8,0.687,418.75,624.6451281744679,0.5014448484111933,PROFIT_TARGET,WIN,7.263888888888889
3,v5_hedged,MU,2026-03-31 18:55:00+00:00,2026-04-14 19:55:00+00:00,1,36.0,0.679,332.4200134277344,-2038.397318712309,-2.0663982999538946,STOP_LOSS,LOSS,14.041666666666666
3,v5_hedged,MU,2026-04-22 13:30:00+00:00,2026-04-22 18:05:00+00:00,1,38.1,0.75,466.0,718.8887938438631,0.5001089187328552,PROFIT_TARGET,WIN,0.1909722222222222
