combo_id,base,short_delta,long_delta,ivr_min,profit_target_pct,hard_exit_dte,target_dte,trades,wins,losses,win_rate,total_pnl,avg_trade,max_drawdown
453,v5_sweep,0.25,0.03,50,0.5,30,45,28,26,2,92.9,71639.81,2558.56,-893.56
449,v5_sweep,0.25,0.03,50,0.5,14,45,23,20,3,87.0,57763.98,2511.48,-4715.86
451,v5_sweep,0.25,0.03,50,0.5,21,45,23,20,3,87.0,57506.2,2500.27,-4534.72
525,v5_sweep,0.25,0.05,50,0.5,30,45,27,25,2,92.6,66933.5,2479.02,-697.1
523,v5_sweep,0.25,0.05,50,0.5,21,45,22,19,3,86.4,54342.85,2470.13,-3390.72
454,v5_sweep,0.25,0.03,50,0.75,14,30,22,20,2,90.9,54246.58,2465.75,-1150.14
521,v5_sweep,0.25,0.05,50,0.5,14,45,22,19,3,86.4,53947.5,2452.16,-4265.07
526,v5_sweep,0.25,0.05,50,0.75,14,30,22,20,2,90.9,51510.72,2341.4,-986.02
447,v5_sweep,0.25,0.03,50,0.25,30,45,30,28,2,93.3,69172.92,2305.76,-893.56
517,v5_sweep,0.25,0.05,50,0.25,21,45,24,21,3,87.5,55118.82,2296.62,-3390.72
519,v5_sweep,0.25,0.05,50,0.25,30,45,30,28,2,93.3,68832.76,2294.43,-697.1
515,v5_sweep,0.25,0.05,50,0.25,14,45,24,21,3,87.5,54723.47,2280.14,-4265.07
443,v5_sweep,0.25,0.03,50,0.25,14,45,24,21,3,87.5,53406.18,2225.26,-4715.86
445,v5_sweep,0.25,0.03,50,0.25,21,45,24,21,3,87.5,53148.4,2214.52,-4534.72
448,v5_sweep,0.25,0.03,50,0.5,14,30,27,25,2,92.6,56253.01,2083.44,-1150.14
442,v5_sweep,0.25,0.03,50,0.25,14,30,32,30,2,93.8,64381.32,2011.92,-1150.14
520,v5_sweep,0.25,0.05,50,0.5,14,30,27,25,2,92.6,53410.2,1978.16,-986.02
444,v5_sweep,0.25,0.03,50,0.25,21,30,34,32,2,94.1,65619.41,1929.98,-1001.0
593,v5_sweep,0.25,0.1,50,0.5,14,45,21,18,3,85.7,40064.37,1907.83,-3598.29
450,v5_sweep,0.25,0.03,50,0.5,21,30,30,27,3,90.0,56914.06,1897.14,-1001.0
514,v5_sweep,0.25,0.05,50,0.25,14,30,31,29,2,93.5,55890.81,1802.93,-986.02
522,v5_sweep,0.25,0.05,50,0.5,21,30,30,27,3,90.0,54048.54,1801.62,-739.84
589,v5_sweep,0.25,0.1,50,0.25,21,45,23,20,3,87.0,40549.58,1763.03,-2840.57
587,v5_sweep,0.25,0.1,50,0.25,14,45,23,20,3,87.0,40474.13,1759.74,-3598.29
591,v5_sweep,0.25,0.1,50,0.25,30,45,29,27,2,93.1,50772.57,1750.78,-628.91
446,v5_sweep,0.25,0.03,50,0.25,30,30,39,34,5,87.2,67348.63,1726.89,-1600.36
452,v5_sweep,0.25,0.03,50,0.5,30,30,39,34,5,87.2,67348.63,1726.89,-1600.36
458,v5_sweep,0.25,0.03,50,0.75,30,30,39,34,5,87.2,67348.63,1726.89,-1600.36
597,v5_sweep,0.25,0.1,50,0.5,30,45,25,23,2,92.0,42706.34,1708.25,-628.91
516,v5_sweep,0.25,0.05,50,0.25,21,30,33,30,3,90.9,56152.38,1701.59,-739.84
531,v5_sweep,0.25,0.05,50,0.75,30,45,18,15,3,83.3,30049.62,1669.42,-705.84
595,v5_sweep,0.25,0.1,50,0.5,21,45,20,17,3,85.0,32730.52,1636.53,-2840.57
518,v5_sweep,0.25,0.05,50,0.25,30,30,39,34,5,87.2,63114.91,1618.33,-1333.22
524,v5_sweep,0.25,0.05,50,0.5,30,30,39,34,5,87.2,63114.91,1618.33,-1333.22
530,v5_sweep,0.25,0.05,50,0.75,30,30,39,34,5,87.2,63114.91,1618.33,-1333.22
459,v5_sweep,0.25,0.03,50,0.75,30,45,18,14,4,77.8,28060.56,1558.92,-893.56
592,v5_sweep,0.25,0.1,50,0.5,14,30,27,25,2,92.6,42054.24,1557.56,-775.28
586,v5_sweep,0.25,0.1,50,0.25,14,30,31,29,2,93.5,46999.59,1516.12,-775.28
423,v5_sweep,0.25,0.03,20,0.75,30,45,26,17,9,65.4,39176.45,1506.79,-1323.87
243,v5_sweep,0.16,0.03,50,0.75,30,45,24,22,2,91.7,35048.59,1460.36,-611.11
495,v5_sweep,0.25,0.05,20,0.75,30,45,26,17,9,65.4,37147.36,1428.74,-1042.43
588,v5_sweep,0.25,0.1,50,0.25,21,30,33,29,4,87.9,47081.27,1426.71,-499.44
594,v5_sweep,0.25,0.1,50,0.5,21,30,30,26,4,86.7,42740.45,1424.68,-499.44
435,v5_sweep,0.25,0.03,30,0.5,30,45,31,25,6,80.6,43711.62,1410.05,-1981.34
456,v5_sweep,0.25,0.03,50,0.75,21,30,21,18,3,85.7,29322.49,1396.31,-1001.0
507,v5_sweep,0.25,0.05,30,0.5,30,45,29,22,7,75.9,40449.01,1394.79,-1783.41
503,v5_sweep,0.25,0.05,30,0.5,14,45,28,23,5,82.1,37933.24,1354.76,-4265.07
455,v5_sweep,0.25,0.03,50,0.75,14,45,15,10,5,66.7,20224.66,1348.31,-5822.7
603,v5_sweep,0.25,0.1,50,0.75,30,45,18,15,3,83.3,24152.62,1341.81,-693.81
436,v5_sweep,0.25,0.03,30,0.75,14,30,23,19,4,82.6,30630.18,1331.75,-1150.14
315,v5_sweep,0.16,0.05,50,0.75,30,45,24,22,2,91.7,31872.02,1328.0,-414.65
527,v5_sweep,0.25,0.05,50,0.75,14,45,15,10,5,66.7,19873.43,1324.9,-5390.78
241,v5_sweep,0.16,0.03,50,0.75,21,45,21,18,3,85.7,27703.53,1319.22,-2400.51
237,v5_sweep,0.16,0.03,50,0.5,30,45,29,27,2,93.1,38140.46,1315.19,-611.11
528,v5_sweep,0.25,0.05,50,0.75,21,30,20,17,3,85.0,25926.78,1296.34,-739.84
231,v5_sweep,0.16,0.03,50,0.25,30,45,32,30,2,93.8,41248.14,1289.0,-611.11
441,v5_sweep,0.25,0.03,30,0.75,30,45,21,16,5,76.2,26945.16,1283.1,-1998.36
590,v5_sweep,0.25,0.1,50,0.25,30,30,39,34,5,87.2,49782.92,1276.49,-900.57
596,v5_sweep,0.25,0.1,50,0.5,30,30,39,34,5,87.2,49782.92,1276.49,-900.57
602,v5_sweep,0.25,0.1,50,0.75,30,30,39,34,5,87.2,49782.92,1276.49,-900.57
417,v5_sweep,0.25,0.03,20,0.5,30,45,25,14,11,56.0,31728.43,1269.14,-1323.87
501,v5_sweep,0.25,0.05,30,0.25,30,45,35,29,6,82.9,44080.01,1259.43,-1783.41
227,v5_sweep,0.16,0.03,50,0.25,14,45,28,26,2,92.9,35263.34,1259.41,-2400.51
229,v5_sweep,0.16,0.03,50,0.25,21,45,28,26,2,92.9,35263.34,1259.41,-2400.51
238,v5_sweep,0.16,0.03,50,0.75,14,30,24,22,2,91.7,30024.94,1251.04,-891.24
508,v5_sweep,0.25,0.05,30,0.75,14,30,23,19,4,82.6,28631.56,1244.85,-986.02
235,v5_sweep,0.16,0.03,50,0.5,21,45,24,21,3,87.5,29554.22,1231.43,-2400.51
313,v5_sweep,0.16,0.05,50,0.75,21,45,21,18,3,85.7,25824.59,1229.74,-1790.11
429,v5_sweep,0.25,0.03,30,0.25,30,45,35,29,6,82.9,42444.75,1212.71,-1981.34
489,v5_sweep,0.25,0.05,20,0.5,30,45,25,15,10,60.0,30010.03,1200.4,-1042.43
513,v5_sweep,0.25,0.05,30,0.75,30,45,21,15,6,71.4,25117.76,1196.08,-1891.49
424,v5_sweep,0.25,0.03,30,0.25,14,30,40,36,4,90.0,47583.63,1189.59,-1150.14
309,v5_sweep,0.16,0.05,50,0.5,30,45,29,27,2,93.1,34124.27,1176.7,-414.65
567,v5_sweep,0.25,0.1,20,0.75,30,45,26,16,10,61.5,30083.5,1157.06,-904.26
497,v5_sweep,0.25,0.05,30,0.25,14,45,34,29,5,85.3,39108.4,1150.25,-4265.07
303,v5_sweep,0.16,0.05,50,0.25,30,45,32,30,2,93.8,36773.19,1149.16,-414.65
301,v5_sweep,0.16,0.05,50,0.25,21,45,28,26,2,92.9,32046.1,1144.5,-1790.11
233,v5_sweep,0.16,0.03,50,0.5,14,45,24,21,3,87.5,27335.44,1138.98,-2631.25
299,v5_sweep,0.16,0.05,50,0.25,14,45,28,26,2,92.9,31889.5,1138.91,-1790.11
307,v5_sweep,0.16,0.05,50,0.5,21,45,24,21,3,87.5,27094.14,1128.92,-1790.11
599,v5_sweep,0.25,0.1,50,0.75,14,45,15,9,6,60.0,16892.78,1126.19,-4743.76
430,v5_sweep,0.25,0.03,30,0.5,14,30,32,28,4,87.5,35962.53,1123.83,-1450.9
232,v5_sweep,0.16,0.03,50,0.5,14,30,29,27,2,93.1,32026.52,1104.36,-891.24
310,v5_sweep,0.16,0.05,50,0.75,14,30,23,22,1,95.7,25244.56,1097.59,-727.12
485,v5_sweep,0.25,0.05,20,0.5,14,45,24,16,8,66.7,26195.58,1091.48,-4265.07
226,v5_sweep,0.16,0.03,50,0.25,14,30,35,34,1,97.1,37194.08,1062.69,-891.24
305,v5_sweep,0.16,0.05,50,0.5,14,45,24,21,3,87.5,25116.96,1046.54,-2311.36
426,v5_sweep,0.25,0.03,30,0.25,21,30,42,35,7,83.3,43949.61,1046.42,-1164.29
502,v5_sweep,0.25,0.05,30,0.5,14,30,32,28,4,87.5,33463.24,1045.73,-986.02
499,v5_sweep,0.25,0.05,30,0.25,21,45,32,26,6,81.2,33219.0,1038.09,-3390.72
425,v5_sweep,0.25,0.03,30,0.25,14,45,34,29,5,85.3,35089.94,1032.06,-4715.86
228,v5_sweep,0.16,0.03,50,0.25,21,30,36,34,2,94.4,37096.8,1030.47,-614.06
234,v5_sweep,0.16,0.03,50,0.5,21,30,32,29,3,90.6,32950.24,1029.69,-614.06
240,v5_sweep,0.16,0.03,50,0.75,21,30,27,24,3,88.9,27219.96,1008.15,-614.06
496,v5_sweep,0.25,0.05,30,0.25,14,30,38,33,5,86.8,38101.4,1002.67,-1532.3
600,v5_sweep,0.25,0.1,50,0.75,21,30,19,15,4,78.9,18996.41,999.81,-499.44
304,v5_sweep,0.16,0.05,50,0.5,14,30,29,28,1,96.6,28284.16,975.32,-727.12
483,v5_sweep,0.25,0.05,20,0.25,30,45,28,17,11,60.7,27279.53,974.27,-1042.43
498,v5_sweep,0.25,0.05,30,0.25,21,30,41,32,9,78.0,39866.2,972.35,-942.17
573,v5_sweep,0.25,0.1,30,0.25,30,45,31,25,6,80.6,30006.9,967.96,-1244.51
598,v5_sweep,0.25,0.1,50,0.75,14,30,16,12,4,75.0,15483.51,967.72,-2468.68
298,v5_sweep,0.16,0.05,50,0.25,14,30,34,33,1,97.1,32366.7,951.96,-727.12
561,v5_sweep,0.25,0.1,20,0.5,30,45,25,14,11,56.0,23794.76,951.79,-904.26
230,v5_sweep,0.16,0.03,50,0.25,30,30,39,34,5,87.2,36796.55,943.5,-1241.5
236,v5_sweep,0.16,0.03,50,0.5,30,30,39,34,5,87.2,36796.55,943.5,-1241.5
242,v5_sweep,0.16,0.03,50,0.75,30,30,39,34,5,87.2,36796.55,943.5,-1241.5
432,v5_sweep,0.25,0.03,30,0.5,21,30,37,29,8,78.4,34536.42,933.42,-1164.29
427,v5_sweep,0.25,0.03,30,0.25,21,45,32,27,5,84.4,29777.19,930.54,-4534.72
585,v5_sweep,0.25,0.1,30,0.75,30,45,21,16,5,76.2,19498.25,928.49,-1182.46
300,v5_sweep,0.16,0.05,50,0.25,21,30,35,33,2,94.3,32489.25,928.26,-488.8
428,v5_sweep,0.25,0.03,30,0.25,30,30,59,48,11,81.4,54260.62,919.67,-1756.71
434,v5_sweep,0.25,0.03,30,0.5,30,30,59,48,11,81.4,54260.62,919.67,-1756.71
440,v5_sweep,0.25,0.03,30,0.75,30,30,59,48,11,81.4,54260.62,919.67,-1756.71
306,v5_sweep,0.16,0.05,50,0.5,21,30,32,29,3,90.6,29149.92,910.93,-488.8
225,v5_sweep,0.16,0.03,30,0.75,30,45,26,21,5,80.8,23190.42,891.94,-611.11
504,v5_sweep,0.25,0.05,30,0.5,21,30,36,27,9,75.0,31827.38,884.09,-942.17
509,v5_sweep,0.25,0.05,30,0.75,14,45,18,12,6,66.7,15821.09,878.95,-5390.78
569,v5_sweep,0.25,0.1,30,0.25,14,45,30,25,5,83.3,26327.72,877.59,-3598.29
431,v5_sweep,0.25,0.03,30,0.5,14,45,27,21,6,77.8,23639.38,875.53,-6490.26
312,v5_sweep,0.16,0.05,50,0.75,21,30,25,22,3,88.0,21872.41,874.9,-488.8
579,v5_sweep,0.25,0.1,30,0.5,30,45,25,19,6,76.0,21761.4,870.46,-1244.51
500,v5_sweep,0.25,0.05,30,0.25,30,30,59,48,11,81.4,50694.44,859.23,-1462.25
506,v5_sweep,0.25,0.05,30,0.5,30,30,59,48,11,81.4,50694.44,859.23,-1462.25
512,v5_sweep,0.25,0.05,30,0.75,30,30,59,48,11,81.4,50694.44,859.23,-1462.25
406,v5_sweep,0.25,0.03,20,0.25,14,30,33,24,9,72.7,28200.59,854.56,-2016.03
411,v5_sweep,0.25,0.03,20,0.25,30,45,27,16,11,59.3,22841.59,845.98,-2319.48
239,v5_sweep,0.16,0.03,50,0.75,14,45,20,16,4,80.0,16901.27,845.06,-5456.38
575,v5_sweep,0.25,0.1,30,0.5,14,45,24,19,5,79.2,20204.81,841.87,-3598.29
302,v5_sweep,0.16,0.05,50,0.25,30,30,39,34,5,87.2,32562.81,834.94,-974.36
308,v5_sweep,0.16,0.05,50,0.5,30,30,39,34,5,87.2,32562.81,834.94,-974.36
314,v5_sweep,0.16,0.05,50,0.75,30,30,39,34,5,87.2,32562.81,834.94,-974.36
437,v5_sweep,0.25,0.03,30,0.75,14,45,18,11,7,61.1,15002.25,833.46,-6490.26
479,v5_sweep,0.25,0.05,20,0.25,14,45,27,18,9,66.7,21906.2,811.34,-4265.07
568,v5_sweep,0.25,0.1,30,0.25,14,30,38,34,4,89.5,30778.05,809.95,-1594.42
408,v5_sweep,0.25,0.03,20,0.25,21,30,40,29,11,72.5,32393.87,809.85,-1463.03
311,v5_sweep,0.16,0.05,50,0.75,14,45,20,16,4,80.0,16167.48,808.37,-4836.97
297,v5_sweep,0.16,0.05,30,0.75,30,45,26,21,5,80.8,20693.04,795.89,-414.65
491,v5_sweep,0.25,0.05,20,0.75,14,45,19,12,7,63.2,14934.46,786.02,-5390.78
557,v5_sweep,0.25,0.1,20,0.5,14,45,22,13,9,59.1,17141.83,779.17,-3598.29
570,v5_sweep,0.25,0.1,30,0.25,21,30,41,31,10,75.6,31943.12,779.1,-658.0
213,v5_sweep,0.16,0.03,30,0.25,30,45,39,35,4,89.7,30337.97,777.9,-611.11
388,v5_sweep,0.25,0.03,0,0.25,14,30,34,20,14,58.8,26352.36,775.07,-2151.71
291,v5_sweep,0.16,0.05,30,0.5,30,45,31,26,5,83.9,23755.21,766.3,-414.65
407,v5_sweep,0.25,0.03,20,0.25,14,45,27,18,9,66.7,20632.12,764.15,-4715.86
438,v5_sweep,0.25,0.03,30,0.75,21,30,28,19,9,67.9,21391.33,763.98,-1164.29
510,v5_sweep,0.25,0.05,30,0.75,21,30,28,19,9,67.9,21148.23,755.29,-942.17
571,v5_sweep,0.25,0.1,30,0.25,21,45,29,24,5,82.8,21826.68,752.64,-2840.57
480,v5_sweep,0.25,0.05,20,0.25,21,30,38,24,14,63.2,28439.57,748.41,-1165.76
419,v5_sweep,0.25,0.03,20,0.75,14,45,19,11,8,57.9,13929.57,733.14,-6490.26
381,v5_sweep,0.16,0.1,50,0.5,30,45,28,26,2,92.9,20461.02,730.75,-346.46
219,v5_sweep,0.16,0.03,30,0.5,30,45,30,25,5,83.3,21120.21,704.01,-927.05
285,v5_sweep,0.16,0.05,30,0.25,30,45,39,35,4,89.7,27403.46,702.65,-414.65
379,v5_sweep,0.16,0.1,50,0.5,21,45,24,21,3,87.5,16602.57,691.77,-1132.61
377,v5_sweep,0.16,0.1,50,0.5,14,45,24,21,3,87.5,16463.38,685.97,-1409.89
576,v5_sweep,0.25,0.1,30,0.5,21,30,34,24,10,70.6,23101.1,679.44,-658.0
209,v5_sweep,0.16,0.03,30,0.25,14,45,38,35,3,92.1,25800.23,678.95,-2400.51
211,v5_sweep,0.16,0.03,30,0.25,21,45,38,35,3,92.1,25800.23,678.95,-2400.51
375,v5_sweep,0.16,0.1,50,0.25,30,45,32,30,2,93.8,21697.5,678.05,-346.46
572,v5_sweep,0.25,0.1,30,0.25,30,30,59,48,11,81.4,39904.15,676.34,-980.96
578,v5_sweep,0.25,0.1,30,0.5,30,30,59,48,11,81.4,39904.15,676.34,-980.96
584,v5_sweep,0.25,0.1,30,0.75,30,30,59,48,11,81.4,39904.15,676.34,-980.96
273,v5_sweep,0.16,0.05,20,0.5,30,45,28,19,9,67.9,18928.4,676.01,-1003.78
373,v5_sweep,0.16,0.1,50,0.25,21,45,28,26,2,92.9,18920.15,675.72,-1132.61
555,v5_sweep,0.25,0.1,20,0.25,30,45,25,14,11,56.0,16742.43,669.7,-1421.82
371,v5_sweep,0.16,0.1,50,0.25,14,45,28,26,2,92.9,18697.75,667.78,-1132.61
551,v5_sweep,0.25,0.1,20,0.25,14,45,25,16,9,64.0,16674.85,666.99,-3598.29
414,v5_sweep,0.25,0.03,20,0.5,21,30,33,22,11,66.7,21892.63,663.41,-1164.29
420,v5_sweep,0.25,0.03,20,0.75,21,30,29,18,11,62.1,19188.18,661.66,-1181.43
279,v5_sweep,0.16,0.05,20,0.75,30,45,28,17,11,60.7,18456.49,659.16,-1003.78
382,v5_sweep,0.16,0.1,50,0.75,14,30,23,22,1,95.7,15139.24,658.23,-516.38
99,v5_sweep,0.1,0.03,50,0.75,30,45,27,25,2,92.6,17635.65,653.17,-264.64
478,v5_sweep,0.25,0.05,20,0.25,14,30,30,20,10,66.7,19200.64,640.02,-1766.69
383,v5_sweep,0.16,0.1,50,0.75,14,45,19,16,3,84.2,12102.39,636.97,-1409.89
208,v5_sweep,0.16,0.03,30,0.25,14,30,44,42,2,95.5,27860.79,633.2,-891.24
210,v5_sweep,0.16,0.03,30,0.25,21,30,45,39,6,86.7,28340.77,629.79,-866.21
486,v5_sweep,0.25,0.05,20,0.5,21,30,33,21,12,63.6,20482.45,620.68,-942.17
387,v5_sweep,0.16,0.1,50,0.75,30,45,20,18,2,90.0,12408.7,620.44,-346.46
93,v5_sweep,0.1,0.03,50,0.5,30,45,29,27,2,93.1,17988.78,620.3,-264.64
283,v5_sweep,0.16,0.05,30,0.25,21,45,39,36,3,92.3,24146.97,619.15,-1790.11
267,v5_sweep,0.16,0.05,20,0.25,30,45,35,25,10,71.4,21269.01,607.69,-1003.78
87,v5_sweep,0.1,0.03,50,0.25,30,45,33,31,2,93.9,19984.51,605.59,-264.64
281,v5_sweep,0.16,0.05,30,0.25,14,45,37,33,4,89.2,22403.91,605.51,-1790.11
195,v5_sweep,0.16,0.03,20,0.25,30,45,34,25,9,73.5,20460.56,601.78,-1291.73
552,v5_sweep,0.25,0.1,20,0.25,21,30,38,23,15,60.5,22672.9,596.66,-658.0
193,v5_sweep,0.16,0.03,20,0.25,21,45,32,26,6,81.2,19044.21,595.13,-2400.51
97,v5_sweep,0.1,0.03,50,0.75,21,45,25,22,3,88.0,14862.18,594.49,-1174.02
410,v5_sweep,0.25,0.03,20,0.25,30,30,68,40,28,58.8,40277.06,592.31,-2526.04
416,v5_sweep,0.25,0.03,20,0.5,30,30,68,40,28,58.8,40277.06,592.31,-2526.04
422,v5_sweep,0.25,0.03,20,0.75,30,30,68,40,28,58.8,40277.06,592.31,-2526.04
289,v5_sweep,0.16,0.05,30,0.5,21,45,29,24,5,82.8,16461.16,567.63,-1790.11
95,v5_sweep,0.1,0.03,50,0.75,14,45,25,22,3,88.0,14100.4,564.02,-1234.35
282,v5_sweep,0.16,0.05,30,0.25,21,30,45,39,6,86.7,25345.15,563.23,-644.08
83,v5_sweep,0.1,0.03,50,0.25,14,45,31,29,2,93.5,17422.52,562.02,-1174.02
85,v5_sweep,0.1,0.03,50,0.25,21,45,31,29,2,93.5,17422.52,562.02,-1174.02
376,v5_sweep,0.16,0.1,50,0.5,14,30,30,29,1,96.7,16853.81,561.79,-516.38
370,v5_sweep,0.16,0.1,50,0.25,14,30,35,34,1,97.1,19545.88,558.45,-516.38
482,v5_sweep,0.25,0.05,20,0.25,30,30,68,40,28,58.8,37779.26,555.58,-2067.75
488,v5_sweep,0.25,0.05,20,0.5,30,30,68,40,28,58.8,37779.26,555.58,-2067.75
494,v5_sweep,0.25,0.05,20,0.75,30,30,68,40,28,58.8,37779.26,555.58,-2067.75
280,v5_sweep,0.16,0.05,30,0.25,14,30,44,42,2,95.5,24372.7,553.92,-727.12
91,v5_sweep,0.1,0.03,50,0.5,21,45,25,22,3,88.0,13835.92,553.44,-1174.02
582,v5_sweep,0.25,0.1,30,0.75,21,30,27,17,10,63.0,14920.97,552.63,-658.0
372,v5_sweep,0.16,0.1,50,0.25,21,30,36,34,2,94.4,19825.01,550.69,-338.91
192,v5_sweep,0.16,0.03,20,0.25,21,30,43,32,11,74.4,23315.77,542.23,-866.21
265,v5_sweep,0.16,0.05,20,0.25,21,45,34,28,6,82.4,18362.84,540.08,-1790.11
492,v5_sweep,0.25,0.05,20,0.75,21,30,29,17,12,58.6,15540.58,535.88,-1169.33
220,v5_sweep,0.16,0.03,30,0.75,14,30,27,21,6,77.8,14406.07,533.56,-1162.69
190,v5_sweep,0.16,0.03,20,0.25,14,30,39,31,8,79.5,20545.42,526.81,-1431.05
378,v5_sweep,0.16,0.1,50,0.5,21,30,32,28,4,87.5,16836.11,526.13,-338.91
89,v5_sweep,0.1,0.03,50,0.5,14,45,25,22,3,88.0,13074.14,522.97,-1234.35
574,v5_sweep,0.25,0.1,30,0.5,14,30,28,22,6,78.6,14470.12,516.79,-1594.42
558,v5_sweep,0.25,0.1,20,0.5,21,30,33,20,13,60.6,16965.13,514.09,-658.0
94,v5_sweep,0.1,0.03,50,0.75,14,30,29,27,2,93.1,14721.4,507.63,-789.77
385,v5_sweep,0.16,0.1,50,0.75,21,45,18,15,3,83.3,9118.63,506.59,-1132.61
212,v5_sweep,0.16,0.03,30,0.25,30,30,59,48,11,81.4,29691.04,503.24,-1344.89
218,v5_sweep,0.16,0.03,30,0.5,30,30,59,48,11,81.4,29691.04,503.24,-1344.89
224,v5_sweep,0.16,0.03,30,0.75,30,30,59,48,11,81.4,29691.04,503.24,-1344.89
96,v5_sweep,0.1,0.03,50,0.75,21,30,30,28,2,93.3,14934.79,497.83,-789.77
413,v5_sweep,0.25,0.03,20,0.5,14,45,21,12,9,57.1,10445.59,497.41,-6490.26
214,v5_sweep,0.16,0.03,30,0.5,14,30,34,29,5,85.3,16839.26,495.27,-891.24
88,v5_sweep,0.1,0.03,50,0.5,14,30,32,30,2,93.8,15842.41,495.08,-789.77
90,v5_sweep,0.1,0.03,50,0.5,21,30,33,31,2,93.9,16328.78,494.81,-789.77
550,v5_sweep,0.25,0.1,20,0.25,14,30,28,19,9,67.9,13822.43,493.66,-1560.57
263,v5_sweep,0.16,0.05,20,0.25,14,45,32,26,6,81.2,15784.19,493.26,-1790.11
374,v5_sweep,0.16,0.1,50,0.25,30,30,39,34,5,87.2,19230.83,493.1,-541.71
380,v5_sweep,0.16,0.1,50,0.5,30,30,39,34,5,87.2,19230.83,493.1,-541.71
386,v5_sweep,0.16,0.1,50,0.75,30,30,39,34,5,87.2,19230.83,493.1,-541.71
460,v5_sweep,0.25,0.05,0,0.25,14,30,29,13,16,44.8,14193.67,489.44,-2832.9
165,v5_sweep,0.1,0.05,50,0.5,30,45,29,27,2,93.1,13981.07,482.11,-68.23
369,v5_sweep,0.16,0.1,30,0.75,30,45,23,19,4,82.6,11079.65,481.72,-346.46
216,v5_sweep,0.16,0.03,30,0.5,21,30,39,30,9,76.9,18706.74,479.66,-866.21
84,v5_sweep,0.1,0.03,50,0.25,21,30,36,34,2,94.4,17170.22,476.95,-789.77
264,v5_sweep,0.16,0.05,20,0.25,21,30,42,31,11,73.8,19843.97,472.48,-644.08
171,v5_sweep,0.1,0.05,50,0.75,30,45,26,24,2,92.3,12171.43,468.13,-68.23
82,v5_sweep,0.1,0.03,50,0.25,14,30,36,34,2,94.4,16850.35,468.07,-789.77
191,v5_sweep,0.16,0.03,20,0.25,14,45,30,24,6,80.0,14038.84,467.96,-2400.51
159,v5_sweep,0.1,0.05,50,0.25,30,45,33,31,2,93.9,15340.67,464.87,-68.23
288,v5_sweep,0.16,0.05,30,0.5,21,30,39,30,9,76.9,18115.08,464.49,-644.08
292,v5_sweep,0.16,0.05,30,0.75,14,30,26,21,5,80.8,12001.33,461.59,-1019.28
163,v5_sweep,0.1,0.05,50,0.5,21,45,23,20,3,87.0,10559.31,459.1,-550.15
157,v5_sweep,0.1,0.05,50,0.25,21,45,29,27,2,93.1,13066.84,450.58,-550.15
86,v5_sweep,0.1,0.03,50,0.25,30,30,39,34,5,87.2,17565.73,450.4,-699.79
92,v5_sweep,0.1,0.03,50,0.5,30,30,39,34,5,87.2,17565.73,450.4,-699.79
98,v5_sweep,0.1,0.03,50,0.75,30,30,39,34,5,87.2,17565.73,450.4,-699.79
155,v5_sweep,0.1,0.05,50,0.25,14,45,29,27,2,93.1,12866.26,443.66,-750.73
284,v5_sweep,0.16,0.05,30,0.25,30,30,59,48,11,81.4,26124.86,442.79,-1050.43
290,v5_sweep,0.16,0.05,30,0.5,30,30,59,48,11,81.4,26124.86,442.79,-1050.43
296,v5_sweep,0.16,0.05,30,0.75,30,30,59,48,11,81.4,26124.86,442.79,-1050.43
169,v5_sweep,0.1,0.05,50,0.75,21,45,22,19,3,86.4,9726.87,442.13,-550.15
207,v5_sweep,0.16,0.03,20,0.75,30,45,27,15,12,55.6,11915.34,441.31,-2066.75
262,v5_sweep,0.16,0.05,20,0.25,14,30,38,29,9,76.3,16631.82,437.68,-1131.41
384,v5_sweep,0.16,0.1,50,0.75,21,30,24,20,4,83.3,10503.72,437.66,-338.91
581,v5_sweep,0.25,0.1,30,0.75,14,45,16,8,8,50.0,6970.1,435.63,-4743.76
554,v5_sweep,0.25,0.1,20,0.25,30,30,68,40,28,58.8,29597.84,435.26,-1379.01
560,v5_sweep,0.25,0.1,20,0.5,30,30,68,40,28,58.8,29597.84,435.26,-1379.01
566,v5_sweep,0.25,0.1,20,0.75,30,30,68,40,28,58.8,29597.84,435.26,-1379.01
217,v5_sweep,0.16,0.03,30,0.5,21,45,28,23,5,82.1,12184.84,435.17,-2400.51
161,v5_sweep,0.1,0.05,50,0.5,14,45,23,20,3,87.0,9880.11,429.57,-831.39
204,v5_sweep,0.16,0.03,20,0.75,21,30,31,18,13,58.1,13267.9,428.0,-866.21
294,v5_sweep,0.16,0.05,30,0.75,21,30,30,21,9,70.0,12828.13,427.6,-644.08
222,v5_sweep,0.16,0.03,30,0.75,21,30,30,20,10,66.7,12541.87,418.06,-866.21
198,v5_sweep,0.16,0.03,20,0.5,21,30,38,26,12,68.4,15871.62,417.67,-866.21
357,v5_sweep,0.16,0.1,30,0.25,30,45,38,34,4,89.5,15850.33,417.11,-346.46
484,v5_sweep,0.25,0.05,20,0.5,14,30,24,14,10,58.3,9939.98,414.17,-3383.38
196,v5_sweep,0.16,0.03,20,0.5,14,30,30,20,10,66.7,12352.12,411.74,-1431.05
167,v5_sweep,0.1,0.05,50,0.75,14,45,22,19,3,86.4,9047.66,411.26,-831.39
81,v5_sweep,0.1,0.03,30,0.75,30,45,28,23,5,82.1,11449.83,408.92,-559.43
276,v5_sweep,0.16,0.05,20,0.75,21,30,30,17,13,56.7,11788.55,392.95,-644.08
160,v5_sweep,0.1,0.05,50,0.5,14,30,31,29,2,93.5,12152.58,392.02,-555.24
270,v5_sweep,0.16,0.05,20,0.5,21,30,36,23,13,63.9,14073.01,390.92,-644.08
363,v5_sweep,0.16,0.1,30,0.5,30,45,32,28,4,87.5,12391.57,387.24,-363.59
162,v5_sweep,0.1,0.05,50,0.5,21,30,33,31,2,93.9,12706.11,385.03,-357.03
69,v5_sweep,0.1,0.03,30,0.25,30,45,41,37,4,90.2,15760.72,384.41,-557.85
564,v5_sweep,0.25,0.1,20,0.75,21,30,29,15,14,51.7,11076.72,381.96,-658.0
468,v5_sweep,0.25,0.05,0,0.5,21,30,31,13,18,41.9,11724.65,378.21,-1823.13
532,v5_sweep,0.25,0.1,0,0.25,14,30,29,15,14,51.7,10935.48,377.09,-1512.67
540,v5_sweep,0.25,0.1,0,0.5,21,30,31,13,18,41.9,11385.12,367.26,-986.79
286,v5_sweep,0.16,0.05,30,0.5,14,30,34,30,4,88.2,12446.77,366.08,-761.84
156,v5_sweep,0.1,0.05,50,0.25,21,30,36,34,2,94.4,13145.65,365.16,-357.03
154,v5_sweep,0.1,0.05,50,0.25,14,30,35,33,2,94.3,12710.61,363.16,-555.24
75,v5_sweep,0.1,0.03,30,0.5,30,45,33,28,5,84.8,11732.04,355.52,-559.43
166,v5_sweep,0.1,0.05,50,0.75,14,30,27,25,2,92.6,9575.15,354.64,-555.24
505,v5_sweep,0.25,0.05,30,0.5,21,45,23,15,8,65.2,8126.4,353.32,-5025.94
529,v5_sweep,0.25,0.05,50,0.75,21,45,14,8,6,57.1,4893.1,349.51,-5082.68
168,v5_sweep,0.1,0.05,50,0.75,21,30,29,27,2,93.1,10050.43,346.57,-357.03
158,v5_sweep,0.1,0.05,50,0.25,30,30,39,34,5,87.2,13332.0,341.85,-432.65
164,v5_sweep,0.1,0.05,50,0.5,30,30,39,34,5,87.2,13332.0,341.85,-432.65
170,v5_sweep,0.1,0.05,50,0.75,30,30,39,34,5,87.2,13332.0,341.85,-432.65
287,v5_sweep,0.16,0.05,30,0.5,14,45,29,24,5,82.8,9885.4,340.88,-2311.36
354,v5_sweep,0.16,0.1,30,0.25,21,30,46,40,6,87.0,15660.24,340.44,-359.91
563,v5_sweep,0.25,0.1,20,0.75,14,45,17,8,9,47.1,5614.84,330.28,-4743.76
601,v5_sweep,0.25,0.1,50,0.75,21,45,14,7,7,50.0,4592.05,328.0,-3941.21
352,v5_sweep,0.16,0.1,30,0.25,14,30,43,40,3,93.0,14084.33,327.54,-516.38
65,v5_sweep,0.1,0.03,30,0.25,14,45,41,38,3,92.7,13354.77,325.73,-1174.02
67,v5_sweep,0.1,0.03,30,0.25,21,45,41,38,3,92.7,13354.77,325.73,-1174.02
353,v5_sweep,0.16,0.1,30,0.25,14,45,37,33,4,89.2,11934.2,322.55,-1132.61
355,v5_sweep,0.16,0.1,30,0.25,21,45,35,31,4,88.6,11213.49,320.39,-1132.61
335,v5_sweep,0.16,0.1,20,0.25,14,45,31,25,6,80.6,9927.1,320.23,-1132.61
194,v5_sweep,0.16,0.03,20,0.25,30,30,68,40,28,58.8,21579.15,317.34,-1928.6
200,v5_sweep,0.16,0.03,20,0.5,30,30,68,40,28,58.8,21579.15,317.34,-1928.6
206,v5_sweep,0.16,0.03,20,0.75,30,30,68,40,28,58.8,21579.15,317.34,-1928.6
153,v5_sweep,0.1,0.05,30,0.75,30,45,28,23,5,82.1,8874.08,316.93,-446.72
580,v5_sweep,0.25,0.1,30,0.75,14,30,18,13,5,72.2,5690.16,316.12,-1885.0
337,v5_sweep,0.16,0.1,20,0.25,21,45,31,25,6,80.6,9778.71,315.44,-1132.61
364,v5_sweep,0.16,0.1,30,0.75,14,30,24,20,4,83.3,7507.03,312.79,-516.38
433,v5_sweep,0.25,0.03,30,0.5,21,45,25,17,8,68.0,7764.58,310.58,-6309.12
141,v5_sweep,0.1,0.05,30,0.25,30,45,40,36,4,90.0,12347.69,308.69,-446.72
17,v1_sweep,,,,0.75,,7,17,12,5,70.6,5114.81,300.87,-536.03
147,v5_sweep,0.1,0.05,30,0.5,30,45,31,26,5,83.9,9105.12,293.71,-446.72
177,v5_sweep,0.16,0.03,0,0.25,30,45,33,15,18,45.5,9548.69,289.35,-1507.77
365,v5_sweep,0.16,0.1,30,0.75,14,45,19,14,5,73.7,5427.95,285.68,-1409.89
66,v5_sweep,0.1,0.03,30,0.25,21,30,47,42,5,89.4,13311.14,283.22,-789.77
172,v5_sweep,0.16,0.03,0,0.25,14,30,37,22,15,59.5,10398.64,281.04,-1807.74
266,v5_sweep,0.16,0.05,20,0.25,30,30,68,40,28,58.8,19081.35,280.61,-1470.31
272,v5_sweep,0.16,0.05,20,0.5,30,30,68,40,28,58.8,19081.35,280.61,-1470.31
278,v5_sweep,0.16,0.05,20,0.75,30,30,68,40,28,58.8,19081.35,280.61,-1470.31
360,v5_sweep,0.16,0.1,30,0.5,21,30,38,30,8,78.9,10547.4,277.56,-359.91
457,v5_sweep,0.25,0.03,50,0.75,21,45,14,8,6,57.1,3866.59,276.19,-5641.57
49,v5_sweep,0.1,0.03,20,0.25,21,45,38,31,7,81.6,10425.14,274.35,-1174.02
271,v5_sweep,0.16,0.05,20,0.5,21,45,25,17,8,68.0,6847.77,273.91,-1790.11
275,v5_sweep,0.16,0.05,20,0.75,14,45,21,14,7,66.7,5751.64,273.89,-3120.77
201,v5_sweep,0.16,0.03,20,0.5,30,45,25,15,10,60.0,6813.64,272.55,-2066.75
402,v5_sweep,0.25,0.03,0,0.75,21,30,30,16,14,53.3,8161.58,272.05,-1866.69
73,v5_sweep,0.1,0.03,30,0.5,21,45,33,28,5,84.8,8796.58,266.56,-1174.02
51,v5_sweep,0.1,0.03,20,0.25,30,45,38,27,11,71.1,10037.75,264.15,-565.29
334,v5_sweep,0.16,0.1,20,0.25,14,30,39,31,8,79.5,10194.7,261.4,-762.16
356,v5_sweep,0.16,0.1,30,0.25,30,30,59,48,11,81.4,15334.57,259.91,-569.13
362,v5_sweep,0.16,0.1,30,0.5,30,30,59,48,11,81.4,15334.57,259.91,-569.13
368,v5_sweep,0.16,0.1,30,0.75,30,30,59,48,11,81.4,15334.57,259.91,-569.13
137,v5_sweep,0.1,0.05,30,0.25,14,45,39,36,3,92.3,10118.86,259.46,-750.73
359,v5_sweep,0.16,0.1,30,0.5,14,45,30,25,5,83.3,7773.61,259.12,-1409.89
71,v5_sweep,0.1,0.03,30,0.5,14,45,33,28,5,84.8,8545.83,258.96,-1234.35
339,v5_sweep,0.16,0.1,20,0.25,30,45,31,21,10,67.7,8023.42,258.82,-731.66
139,v5_sweep,0.1,0.05,30,0.25,21,45,39,36,3,92.3,10026.92,257.1,-550.15
64,v5_sweep,0.1,0.03,30,0.25,14,30,46,42,4,91.3,11565.44,251.42,-1015.97
336,v5_sweep,0.16,0.1,20,0.25,21,30,42,33,9,78.6,10535.14,250.84,-359.91
340,v5_sweep,0.16,0.1,20,0.5,14,30,29,21,8,72.4,7262.63,250.44,-762.16
345,v5_sweep,0.16,0.1,20,0.5,30,45,26,14,12,53.8,6484.11,249.39,-1136.67
351,v5_sweep,0.16,0.1,20,0.75,30,45,25,14,11,56.0,6234.06,249.36,-1136.67
358,v5_sweep,0.16,0.1,30,0.5,14,30,34,31,3,91.2,8353.52,245.69,-516.38
366,v5_sweep,0.16,0.1,30,0.75,21,30,29,22,7,75.9,7106.22,245.04,-359.91
18,v1_sweep,,,,0.75,,14,12,7,5,58.3,2938.54,244.88,-242.89
16,v1_sweep,,,,0.75,,5,17,12,5,70.6,4161.0,244.76,-548.16
72,v5_sweep,0.1,0.03,30,0.5,21,30,42,35,7,83.3,10247.4,243.99,-789.77
68,v5_sweep,0.1,0.03,30,0.25,30,30,59,48,11,81.4,14356.47,243.33,-775.75
74,v5_sweep,0.1,0.03,30,0.5,30,30,59,48,11,81.4,14356.47,243.33,-775.75
80,v5_sweep,0.1,0.03,30,0.75,30,30,59,48,11,81.4,14356.47,243.33,-775.75
223,v5_sweep,0.16,0.03,30,0.75,21,45,20,14,6,70.0,4849.48,242.47,-2400.51
123,v5_sweep,0.1,0.05,20,0.25,30,45,34,24,10,70.6,8139.21,239.39,-357.33
53,v5_sweep,0.1,0.03,20,0.5,14,45,30,23,7,76.7,7087.17,236.24,-1234.35
295,v5_sweep,0.16,0.05,30,0.75,21,45,20,14,6,70.0,4710.79,235.54,-1977.98
418,v5_sweep,0.25,0.03,20,0.75,14,30,23,12,11,52.2,5291.31,230.06,-3824.75
125,v5_sweep,0.1,0.05,20,0.5,14,45,25,19,6,76.0,5746.05,229.84,-831.39
148,v5_sweep,0.1,0.05,30,0.75,14,30,29,25,4,86.2,6642.76,229.06,-615.77
48,v5_sweep,0.1,0.03,20,0.25,21,30,46,33,13,71.7,10525.15,228.81,-789.77
47,v5_sweep,0.1,0.03,20,0.25,14,45,37,29,8,78.4,8441.75,228.16,-1174.02
13,v1_sweep,,,,0.5,,5,22,17,5,77.3,5007.93,227.63,-488.96
76,v5_sweep,0.1,0.03,30,0.75,14,30,33,28,5,84.8,7510.78,227.6,-988.89
145,v5_sweep,0.1,0.05,30,0.5,21,45,28,23,5,82.1,6370.41,227.51,-772.7
143,v5_sweep,0.1,0.05,30,0.5,14,45,28,23,5,82.1,6317.0,225.61,-831.39
269,v5_sweep,0.16,0.05,20,0.5,14,45,26,18,8,69.2,5847.54,224.91,-2311.36
138,v5_sweep,0.1,0.05,30,0.25,21,30,46,41,5,89.1,10310.82,224.15,-357.03
129,v5_sweep,0.1,0.05,20,0.5,30,45,26,17,9,65.4,5803.74,223.22,-391.34
341,v5_sweep,0.16,0.1,20,0.5,14,45,25,17,8,68.0,5567.62,222.7,-1409.89
78,v5_sweep,0.1,0.03,30,0.75,21,30,36,28,8,77.8,7863.21,218.42,-789.77
8,v1_sweep,,,,0.75,,7,18,13,5,72.2,3880.63,215.59,-120.06
77,v5_sweep,0.1,0.03,30,0.75,14,45,26,20,6,76.9,5605.17,215.58,-1234.35
250,v5_sweep,0.16,0.05,0,0.5,14,30,30,15,15,50.0,6416.27,213.88,-1139.4
54,v5_sweep,0.1,0.03,20,0.5,21,30,39,26,13,66.7,8201.03,210.28,-789.77
14,v1_sweep,,,,0.5,,7,19,15,4,78.9,3992.01,210.11,-498.79
348,v5_sweep,0.16,0.1,20,0.75,21,30,30,18,12,60.0,6276.57,209.22,-359.91
342,v5_sweep,0.16,0.1,20,0.5,21,30,34,23,11,67.6,7104.03,208.94,-359.91
316,v5_sweep,0.16,0.1,0,0.25,14,30,35,23,12,65.7,7303.93,208.68,-779.84
135,v5_sweep,0.1,0.05,20,0.75,30,45,26,16,10,61.5,5380.83,206.96,-604.49
142,v5_sweep,0.1,0.05,30,0.5,14,30,36,31,5,86.1,7421.64,206.16,-555.24
149,v5_sweep,0.1,0.05,30,0.75,14,45,23,18,5,78.3,4735.21,205.88,-831.39
58,v5_sweep,0.1,0.03,20,0.75,14,30,30,19,11,63.3,6131.98,204.4,-1050.77
46,v5_sweep,0.1,0.03,20,0.25,14,30,45,36,9,80.0,8970.89,199.35,-1015.97
144,v5_sweep,0.1,0.05,30,0.5,21,30,41,33,8,80.5,8146.22,198.69,-362.83
119,v5_sweep,0.1,0.05,20,0.25,14,45,32,26,6,81.2,6346.96,198.34,-750.73
255,v5_sweep,0.16,0.05,0,0.5,30,45,30,11,19,36.7,5864.8,195.49,-1860.68
136,v5_sweep,0.1,0.05,30,0.25,14,30,44,40,4,90.9,8585.32,195.12,-555.24
7,v1_sweep,,,,0.75,,5,17,12,5,70.6,3281.11,193.01,-158.0
221,v5_sweep,0.16,0.03,30,0.75,14,45,20,14,6,70.0,3825.56,191.28,-3642.31
70,v5_sweep,0.1,0.03,30,0.5,14,30,37,31,6,83.8,7061.75,190.86,-1015.97
215,v5_sweep,0.16,0.03,30,0.5,14,45,27,22,5,81.5,5077.47,188.05,-2631.25
244,v5_sweep,0.16,0.05,0,0.25,14,30,36,20,16,55.6,6766.89,187.97,-1139.4
277,v5_sweep,0.16,0.05,20,0.75,21,45,20,12,8,60.0,3674.75,183.74,-1790.11
178,v5_sweep,0.16,0.03,0,0.5,14,30,33,13,20,39.4,6041.3,183.07,-1757.33
322,v5_sweep,0.16,0.1,0,0.5,14,30,31,16,15,51.6,5670.35,182.91,-779.84
140,v5_sweep,0.1,0.05,30,0.25,30,30,59,48,11,81.4,10790.29,182.89,-481.29
146,v5_sweep,0.1,0.05,30,0.5,30,30,59,48,11,81.4,10790.29,182.89,-481.29
152,v5_sweep,0.1,0.05,30,0.75,30,30,59,48,11,81.4,10790.29,182.89,-481.29
293,v5_sweep,0.16,0.05,30,0.75,14,45,21,15,6,71.4,3822.38,182.02,-3120.77
186,v5_sweep,0.16,0.03,0,0.75,21,30,34,14,20,41.2,6175.25,181.62,-1415.39
27,v1_sweep,,,,0.75,,14,13,8,5,61.5,2351.97,180.92,-1201.9
183,v5_sweep,0.16,0.03,0,0.5,30,45,29,13,16,44.8,5231.32,180.39,-2427.18
252,v5_sweep,0.16,0.05,0,0.5,21,30,37,14,23,37.8,6662.13,180.06,-1251.55
120,v5_sweep,0.1,0.05,20,0.25,21,30,45,33,12,73.3,8043.85,178.75,-376.69
124,v5_sweep,0.1,0.05,20,0.5,14,30,32,22,10,68.8,5696.51,178.02,-720.22
121,v5_sweep,0.1,0.05,20,0.25,21,45,33,26,7,78.8,5846.37,177.16,-831.85
57,v5_sweep,0.1,0.03,20,0.5,30,45,30,20,10,66.7,5280.56,176.02,-912.32
347,v5_sweep,0.16,0.1,20,0.75,14,45,18,11,7,61.1,3152.46,175.14,-1409.89
546,v5_sweep,0.25,0.1,0,0.75,21,30,30,13,17,43.3,5203.83,173.46,-1035.81
202,v5_sweep,0.16,0.03,20,0.75,14,30,27,15,12,55.6,4601.44,170.42,-1745.2
4,v1_sweep,,,,0.5,,5,20,15,5,75.0,3401.77,170.09,-158.0
10,v1_sweep,,,,0.25,,5,27,23,4,85.2,4587.07,169.89,-463.86
150,v5_sweep,0.1,0.05,30,0.75,21,30,33,24,9,72.7,5571.21,168.82,-362.83
338,v5_sweep,0.16,0.1,20,0.25,30,30,68,40,28,58.8,10899.92,160.29,-781.57
344,v5_sweep,0.16,0.1,20,0.5,30,30,68,40,28,58.8,10899.92,160.29,-781.57
350,v5_sweep,0.16,0.1,20,0.75,30,30,68,40,28,58.8,10899.92,160.29,-781.57
118,v5_sweep,0.1,0.05,20,0.25,14,30,39,29,10,74.4,6172.09,158.26,-720.22
126,v5_sweep,0.1,0.05,20,0.5,21,30,39,26,13,66.7,6170.83,158.23,-375.9
9,v1_sweep,,,,0.75,,14,12,7,5,58.3,1892.98,157.75,-62.42
50,v5_sweep,0.1,0.03,20,0.25,30,30,68,40,28,58.8,10679.22,157.05,-1147.03
56,v5_sweep,0.1,0.03,20,0.5,30,30,68,40,28,58.8,10679.22,157.05,-1147.03
62,v5_sweep,0.1,0.03,20,0.75,30,30,68,40,28,58.8,10679.22,157.05,-1147.03
15,v1_sweep,,,,0.5,,14,13,8,5,61.5,2028.3,156.02,-284.66
474,v5_sweep,0.25,0.05,0,0.75,21,30,30,14,16,46.7,4654.67,155.16,-1678.31
5,v1_sweep,,,,0.5,,7,17,12,5,70.6,2628.43,154.61,-118.22
412,v5_sweep,0.25,0.03,20,0.5,14,30,23,13,10,56.5,3543.37,154.06,-3824.75
21,v1_sweep,,,,0.25,,14,19,15,4,78.9,2878.88,151.52,-1179.92
55,v5_sweep,0.1,0.03,20,0.5,21,45,29,21,8,72.4,4351.22,150.04,-1174.02
180,v5_sweep,0.16,0.03,0,0.5,21,30,38,15,23,39.5,5678.03,149.42,-1415.39
346,v5_sweep,0.16,0.1,20,0.75,14,30,23,14,9,60.9,3278.59,142.55,-762.16
324,v5_sweep,0.16,0.1,0,0.5,21,30,35,18,17,51.4,4746.59,135.62,-505.17
189,v5_sweep,0.16,0.03,0,0.75,30,45,29,10,19,34.5,3822.93,131.83,-2427.18
52,v5_sweep,0.1,0.03,20,0.5,14,30,34,24,10,70.6,4481.07,131.8,-1015.97
361,v5_sweep,0.16,0.1,30,0.5,21,45,27,21,6,77.8,3539.36,131.09,-1280.25
330,v5_sweep,0.16,0.1,0,0.75,21,30,32,16,16,50.0,4155.55,129.86,-517.2
12,v1_sweep,,,,0.25,,14,16,12,4,75.0,2075.82,129.74,-333.18
258,v5_sweep,0.16,0.05,0,0.75,21,30,33,14,19,42.4,4262.82,129.18,-1251.55
268,v5_sweep,0.16,0.05,20,0.5,14,30,27,15,12,55.6,3404.12,126.08,-1869.23
6,v1_sweep,,,,0.5,,14,12,7,5,58.3,1499.16,124.93,-62.42
59,v5_sweep,0.1,0.03,20,0.75,14,45,23,14,9,60.9,2802.36,121.84,-1234.35
122,v5_sweep,0.1,0.05,20,0.25,30,30,68,40,28,58.8,8181.44,120.32,-688.74
128,v5_sweep,0.1,0.05,20,0.5,30,30,68,40,28,58.8,8181.44,120.32,-688.74
134,v5_sweep,0.1,0.05,20,0.75,30,30,68,40,28,58.8,8181.44,120.32,-688.74
131,v5_sweep,0.1,0.05,20,0.75,14,45,20,13,7,65.0,2397.78,119.89,-831.39
60,v5_sweep,0.1,0.03,20,0.75,21,30,33,21,12,63.6,3942.69,119.48,-789.77
1,v1_sweep,,,,0.25,,5,24,19,5,79.2,2708.7,112.86,-118.43
390,v5_sweep,0.25,0.03,0,0.25,21,30,37,20,17,54.1,3970.74,107.32,-2316.22
24,v1_sweep,,,,0.5,,14,15,10,5,66.7,1586.09,105.74,-1178.79
490,v5_sweep,0.25,0.05,20,0.75,14,30,21,11,10,52.4,2129.08,101.38,-3383.38
132,v5_sweep,0.1,0.05,20,0.75,21,30,32,18,14,56.2,3235.95,101.12,-392.38
79,v5_sweep,0.1,0.03,30,0.75,21,45,25,18,7,72.0,2460.31,98.41,-1174.02
259,v5_sweep,0.16,0.05,0,0.75,21,45,24,9,15,37.5,2319.94,96.66,-1862.29
562,v5_sweep,0.25,0.1,20,0.75,14,30,19,11,8,57.9,1776.91,93.52,-1200.8
318,v5_sweep,0.16,0.1,0,0.25,21,30,38,22,16,57.9,3550.28,93.43,-389.6
537,v5_sweep,0.25,0.1,0,0.25,30,45,24,9,15,37.5,2188.28,91.18,-1337.2
26,v1_sweep,,,,0.75,,7,22,13,9,59.1,1974.41,89.75,-1970.6
2,v1_sweep,,,,0.25,,7,19,15,4,78.9,1694.36,89.18,-140.12
396,v5_sweep,0.25,0.03,0,0.5,21,30,33,14,19,42.4,2931.86,88.84,-2316.22
11,v1_sweep,,,,0.25,,7,17,13,4,76.5,1501.46,88.32,-472.66
63,v5_sweep,0.1,0.03,20,0.75,30,45,27,14,13,51.9,2307.47,85.46,-1043.21
556,v5_sweep,0.25,0.1,20,0.5,14,30,20,11,9,55.0,1705.75,85.29,-1200.8
3,v1_sweep,,,,0.25,,14,13,8,5,61.5,1002.86,77.14,-100.58
151,v5_sweep,0.1,0.05,30,0.75,21,45,22,15,7,68.2,1633.61,74.26,-951.61
533,v5_sweep,0.25,0.1,0,0.25,14,45,19,8,11,42.1,1408.26,74.12,-3718.89
394,v5_sweep,0.25,0.03,0,0.5,14,30,27,11,16,40.7,1929.25,71.45,-2180.13
130,v5_sweep,0.1,0.05,20,0.75,14,30,26,16,10,61.5,1830.91,70.42,-957.29
367,v5_sweep,0.16,0.1,30,0.75,21,45,18,12,6,66.7,1171.02,65.06,-1132.61
127,v5_sweep,0.1,0.05,20,0.5,21,45,23,15,8,65.2,1423.08,61.87,-831.85
101,v5_sweep,0.1,0.05,0,0.25,14,45,33,19,14,57.6,1794.69,54.38,-765.73
321,v5_sweep,0.16,0.1,0,0.25,30,45,32,15,17,46.9,1677.76,52.43,-1025.98
173,v5_sweep,0.16,0.03,0,0.25,14,45,28,15,13,53.6,1447.04,51.68,-2400.51
462,v5_sweep,0.25,0.05,0,0.25,21,30,34,14,20,41.2,1675.08,49.27,-1823.13
343,v5_sweep,0.16,0.1,20,0.5,21,45,22,13,9,59.1,988.37,44.93,-1280.25
175,v5_sweep,0.16,0.03,0,0.25,21,45,28,14,14,50.0,1256.03,44.86,-2400.51
25,v1_sweep,,,,0.75,,5,25,15,10,60.0,1058.02,42.32,-1258.78
261,v5_sweep,0.16,0.05,0,0.75,30,45,28,8,20,28.6,1073.51,38.34,-1860.68
33,v5_sweep,0.1,0.03,0,0.25,30,45,35,15,20,42.9,1334.56,38.13,-1076.29
106,v5_sweep,0.1,0.05,0,0.5,14,30,34,15,19,44.1,1271.31,37.39,-720.22
249,v5_sweep,0.16,0.05,0,0.25,30,45,30,9,21,30.0,1090.73,36.36,-1860.68
100,v5_sweep,0.1,0.05,0,0.25,14,30,40,22,18,55.0,1104.07,27.6,-720.22
174,v5_sweep,0.16,0.03,0,0.25,21,30,39,16,23,41.0,948.73,24.33,-1391.8
317,v5_sweep,0.16,0.1,0,0.25,14,45,27,17,10,63.0,615.1,22.78,-1132.61
493,v5_sweep,0.25,0.05,20,0.75,21,45,18,9,9,50.0,382.63,21.26,-4626.2
256,v5_sweep,0.16,0.05,0,0.75,14,30,28,11,17,39.3,568.3,20.3,-1139.4
28,v5_sweep,0.1,0.03,0,0.25,14,30,43,25,18,58.1,823.65,19.15,-1184.9
117,v5_sweep,0.1,0.05,0,0.75,30,45,32,10,22,31.2,565.99,17.69,-1164.4
114,v5_sweep,0.1,0.05,0,0.75,21,30,36,13,23,36.1,601.24,16.7,-997.78
105,v5_sweep,0.1,0.05,0,0.25,30,45,36,13,23,36.1,593.07,16.47,-1164.4
203,v5_sweep,0.16,0.03,20,0.75,14,45,20,13,7,65.0,327.83,16.39,-3642.31
22,v1_sweep,,,,0.5,,5,31,21,10,67.7,444.39,14.34,-1306.17
107,v5_sweep,0.1,0.05,0,0.5,14,45,28,11,17,39.3,398.67,14.24,-918.11
319,v5_sweep,0.16,0.1,0,0.25,21,45,26,14,12,53.8,222.45,8.56,-1132.61
19,v1_sweep,,,,0.25,,5,37,29,8,78.4,290.54,7.85,-2213.33
534,v5_sweep,0.25,0.1,0,0.25,21,30,35,13,22,37.1,198.09,5.66,-1061.98
103,v5_sweep,0.1,0.05,0,0.25,21,45,30,16,14,53.3,164.09,5.47,-831.85
108,v5_sweep,0.1,0.05,0,0.5,21,30,39,16,23,41.0,175.83,4.51,-997.78
61,v5_sweep,0.1,0.03,20,0.75,21,45,22,12,10,54.5,31.4,1.43,-1174.02
113,v5_sweep,0.1,0.05,0,0.75,14,45,26,9,17,34.6,29.88,1.15,-918.11
111,v5_sweep,0.1,0.05,0,0.5,30,45,33,10,23,30.3,-27.35,-0.83,-1164.4
467,v5_sweep,0.25,0.05,0,0.5,14,45,19,8,11,42.1,-147.21,-7.75,-5670.14
466,v5_sweep,0.25,0.05,0,0.5,14,30,26,9,17,34.6,-329.34,-12.67,-2832.9
133,v5_sweep,0.1,0.05,20,0.75,21,45,19,10,9,52.6,-321.03,-16.9,-831.85
349,v5_sweep,0.16,0.1,20,0.75,21,45,18,11,7,61.1,-335.38,-18.63,-1132.61
327,v5_sweep,0.16,0.1,0,0.5,30,45,27,9,18,33.3,-781.39,-28.94,-1210.8
36,v5_sweep,0.1,0.03,0,0.5,21,30,41,14,27,34.1,-1412.43,-34.45,-1372.55
102,v5_sweep,0.1,0.05,0,0.25,21,30,44,18,26,40.9,-1610.98,-36.61,-723.76
274,v5_sweep,0.16,0.05,20,0.75,14,30,24,11,13,45.8,-886.93,-36.96,-1869.23
35,v5_sweep,0.1,0.03,0,0.5,14,45,30,14,16,46.7,-1199.82,-39.99,-1307.79
257,v5_sweep,0.16,0.05,0,0.75,14,45,21,8,13,38.1,-932.41,-44.4,-3120.77
42,v5_sweep,0.1,0.03,0,0.75,21,30,38,12,26,31.6,-1711.21,-45.03,-1372.55
199,v5_sweep,0.16,0.03,20,0.5,21,45,22,14,8,63.6,-1028.8,-46.76,-2400.51
245,v5_sweep,0.16,0.05,0,0.25,14,45,29,17,12,58.6,-1363.31,-47.01,-1790.11
246,v5_sweep,0.16,0.05,0,0.25,21,30,37,15,22,40.5,-2028.88,-54.83,-1030.52
511,v5_sweep,0.25,0.05,30,0.75,21,45,16,8,8,50.0,-883.62,-55.23,-5025.94
325,v5_sweep,0.16,0.1,0,0.5,21,45,21,7,14,33.3,-1170.56,-55.74,-1280.25
323,v5_sweep,0.16,0.1,0,0.5,14,45,21,10,11,47.6,-1294.9,-61.66,-1682.37
41,v5_sweep,0.1,0.03,0,0.75,14,45,25,9,16,36.0,-1613.6,-64.54,-1307.79
477,v5_sweep,0.25,0.05,0,0.75,30,45,23,6,17,26.1,-1585.33,-68.93,-2296.82
29,v5_sweep,0.1,0.03,0,0.25,14,45,35,19,16,54.3,-2446.84,-69.91,-1288.22
115,v5_sweep,0.1,0.05,0,0.75,21,45,22,7,15,31.8,-1589.2,-72.24,-849.33
543,v5_sweep,0.25,0.1,0,0.5,30,45,21,7,14,33.3,-1580.78,-75.28,-1337.2
320,v5_sweep,0.16,0.1,0,0.25,30,30,83,9,74,10.8,-6302.36,-75.93,-1578.67
326,v5_sweep,0.16,0.1,0,0.5,30,30,83,9,74,10.8,-6302.36,-75.93,-1578.67
332,v5_sweep,0.16,0.1,0,0.75,30,30,83,9,74,10.8,-6302.36,-75.93,-1578.67
328,v5_sweep,0.16,0.1,0,0.75,14,30,26,9,17,34.6,-2011.52,-77.37,-779.84
247,v5_sweep,0.16,0.05,0,0.25,21,45,28,14,14,50.0,-2210.33,-78.94,-1790.11
184,v5_sweep,0.16,0.03,0,0.75,14,30,30,13,17,43.3,-2404.57,-80.15,-1924.71
197,v5_sweep,0.16,0.03,20,0.5,14,45,22,15,7,68.2,-1826.5,-83.02,-2631.25
31,v5_sweep,0.1,0.03,0,0.25,21,45,34,17,17,50.0,-2827.95,-83.17,-1288.22
112,v5_sweep,0.1,0.05,0,0.75,14,30,27,9,18,33.3,-2269.85,-84.07,-945.68
333,v5_sweep,0.16,0.1,0,0.75,30,45,24,6,18,25.0,-2090.87,-87.12,-1210.8
104,v5_sweep,0.1,0.05,0,0.25,30,30,84,9,75,10.7,-7451.62,-88.71,-1715.57
110,v5_sweep,0.1,0.05,0,0.5,30,30,84,9,75,10.7,-7451.62,-88.71,-1715.57
116,v5_sweep,0.1,0.05,0,0.75,30,30,84,9,75,10.7,-7451.62,-88.71,-1715.57
487,v5_sweep,0.25,0.05,20,0.5,21,45,20,10,10,50.0,-1827.2,-91.36,-4626.2
40,v5_sweep,0.1,0.03,0,0.75,14,30,29,12,17,41.4,-2689.27,-92.73,-1522.71
45,v5_sweep,0.1,0.03,0,0.75,30,45,28,7,21,25.0,-2620.83,-93.6,-1374.31
30,v5_sweep,0.1,0.03,0,0.25,21,30,43,14,29,32.6,-4154.13,-96.61,-1372.55
205,v5_sweep,0.16,0.03,20,0.75,21,45,20,11,9,55.0,-1965.86,-98.29,-2400.51
421,v5_sweep,0.25,0.03,20,0.75,21,45,18,8,10,44.4,-1809.01,-100.5,-6074.18
539,v5_sweep,0.25,0.1,0,0.5,14,45,17,6,11,35.3,-1712.98,-100.76,-3718.89
39,v5_sweep,0.1,0.03,0,0.5,30,45,28,8,20,28.6,-2893.83,-103.35,-1227.73
23,v1_sweep,,,,0.5,,7,25,15,10,60.0,-2591.75,-103.67,-2161.42
109,v5_sweep,0.1,0.05,0,0.5,21,45,24,8,16,33.3,-2569.66,-107.07,-885.24
34,v5_sweep,0.1,0.03,0,0.5,14,30,36,17,19,47.2,-3864.0,-107.33,-1202.67
37,v5_sweep,0.1,0.03,0,0.5,21,45,27,10,17,37.0,-3257.93,-120.66,-1288.22
549,v5_sweep,0.25,0.1,0,0.75,30,45,20,5,15,25.0,-2659.57,-132.98,-1337.2
405,v5_sweep,0.25,0.03,0,0.75,30,45,23,5,18,21.7,-3141.28,-136.58,-3008.68
43,v5_sweep,0.1,0.03,0,0.75,21,45,22,7,15,31.8,-3058.55,-139.02,-1174.02
32,v5_sweep,0.1,0.03,0,0.25,30,30,84,9,75,10.7,-12144.57,-144.58,-2677.56
38,v5_sweep,0.1,0.03,0,0.5,30,30,84,9,75,10.7,-12144.57,-144.58,-2677.56
44,v5_sweep,0.1,0.03,0,0.75,30,30,84,9,75,10.7,-12144.57,-144.58,-2677.56
536,v5_sweep,0.25,0.1,0,0.25,30,30,84,9,75,10.7,-12368.18,-147.24,-2865.3
542,v5_sweep,0.25,0.1,0,0.5,30,30,84,9,75,10.7,-12368.18,-147.24,-2865.3
548,v5_sweep,0.25,0.1,0,0.75,30,30,84,9,75,10.7,-12368.18,-147.24,-2865.3
331,v5_sweep,0.16,0.1,0,0.75,21,45,19,6,13,31.6,-2837.93,-149.36,-1132.61
20,v1_sweep,,,,0.25,,7,33,22,11,66.7,-5002.97,-151.61,-3366.97
439,v5_sweep,0.25,0.03,30,0.75,21,45,16,8,8,50.0,-2608.6,-163.04,-6309.12
248,v5_sweep,0.16,0.05,0,0.25,30,30,84,9,75,10.7,-13896.83,-165.44,-3164.69
254,v5_sweep,0.16,0.05,0,0.5,30,30,84,9,75,10.7,-13896.83,-165.44,-3164.69
260,v5_sweep,0.16,0.05,0,0.75,30,30,84,9,75,10.7,-13896.83,-165.44,-3164.69
181,v5_sweep,0.16,0.03,0,0.5,21,45,23,9,14,39.1,-4045.76,-175.9,-2400.51
577,v5_sweep,0.25,0.1,30,0.5,21,45,19,11,8,57.9,-3481.36,-183.23,-4072.04
538,v5_sweep,0.25,0.1,0,0.5,14,30,22,6,16,27.3,-4292.85,-195.13,-1512.67
415,v5_sweep,0.25,0.03,20,0.5,21,45,20,9,11,45.0,-3911.34,-195.57,-6074.18
471,v5_sweep,0.25,0.05,0,0.5,30,45,23,6,17,26.1,-4567.86,-198.6,-2296.82
253,v5_sweep,0.16,0.05,0,0.5,21,45,22,7,15,31.8,-4555.38,-207.06,-1862.29
251,v5_sweep,0.16,0.05,0,0.5,14,45,24,10,14,41.7,-5057.02,-210.71,-2562.27
399,v5_sweep,0.25,0.03,0,0.5,30,45,24,6,18,25.0,-5196.12,-216.51,-3008.68
176,v5_sweep,0.16,0.03,0,0.25,30,30,84,9,75,10.7,-18445.7,-219.59,-4177.43
182,v5_sweep,0.16,0.03,0,0.5,30,30,84,9,75,10.7,-18445.7,-219.59,-4177.43
188,v5_sweep,0.16,0.03,0,0.75,30,30,84,9,75,10.7,-18445.7,-219.59,-4177.43
553,v5_sweep,0.25,0.1,20,0.25,21,45,22,11,11,50.0,-4889.72,-222.26,-3731.46
472,v5_sweep,0.25,0.05,0,0.75,14,30,24,6,18,25.0,-5367.3,-223.64,-2832.9
481,v5_sweep,0.25,0.05,20,0.25,21,45,24,13,11,54.2,-5561.77,-231.74,-4626.2
464,v5_sweep,0.25,0.05,0,0.25,30,30,84,9,75,10.7,-19963.88,-237.67,-4451.32
470,v5_sweep,0.25,0.05,0,0.5,30,30,84,9,75,10.7,-19963.88,-237.67,-4451.32
476,v5_sweep,0.25,0.05,0,0.75,30,30,84,9,75,10.7,-19963.88,-237.67,-4451.32
469,v5_sweep,0.25,0.05,0,0.5,21,45,20,5,15,25.0,-4806.56,-240.33,-4626.2
329,v5_sweep,0.16,0.1,0,0.75,14,45,16,5,11,31.2,-4026.6,-251.66,-1682.37
465,v5_sweep,0.25,0.05,0,0.25,30,45,24,7,17,29.2,-6172.03,-257.17,-2296.82
179,v5_sweep,0.16,0.03,0,0.5,14,45,24,9,15,37.5,-6330.14,-263.76,-3353.18
544,v5_sweep,0.25,0.1,0,0.75,14,30,21,4,17,19.0,-5687.08,-270.81,-1512.67
187,v5_sweep,0.16,0.03,0,0.75,21,45,22,6,16,27.3,-6221.93,-282.81,-2400.51
392,v5_sweep,0.25,0.03,0,0.25,30,30,84,9,75,10.7,-24512.76,-291.82,-5464.06
398,v5_sweep,0.25,0.03,0,0.5,30,30,84,9,75,10.7,-24512.76,-291.82,-5464.06
404,v5_sweep,0.25,0.03,0,0.75,30,30,84,9,75,10.7,-24512.76,-291.82,-5464.06
461,v5_sweep,0.25,0.05,0,0.25,14,45,19,8,11,42.1,-5548.22,-292.01,-5670.14
559,v5_sweep,0.25,0.1,20,0.5,21,45,18,7,11,38.9,-5574.56,-309.7,-3731.46
393,v5_sweep,0.25,0.03,0,0.25,30,45,24,6,18,25.0,-7773.99,-323.92,-3008.68
409,v5_sweep,0.25,0.03,20,0.25,21,45,24,12,12,50.0,-8130.53,-338.77,-6074.18
565,v5_sweep,0.25,0.1,20,0.75,21,45,16,6,10,37.5,-5434.67,-339.67,-3731.46
185,v5_sweep,0.16,0.03,0,0.75,14,45,20,6,14,30.0,-7943.24,-397.16,-3642.31
583,v5_sweep,0.25,0.1,30,0.75,21,45,14,5,9,35.7,-5712.59,-408.04,-4072.04
400,v5_sweep,0.25,0.03,0,0.75,14,30,24,5,19,20.8,-10127.8,-421.99,-4749.05
395,v5_sweep,0.25,0.03,0,0.5,14,45,18,7,11,38.9,-7994.71,-444.15,-6490.26
475,v5_sweep,0.25,0.05,0,0.75,21,45,18,4,14,22.2,-8075.74,-448.65,-4626.2
535,v5_sweep,0.25,0.1,0,0.25,21,45,19,5,14,26.3,-8762.16,-461.17,-3920.06
541,v5_sweep,0.25,0.1,0,0.5,21,45,18,4,14,22.2,-8465.72,-470.32,-3920.06
547,v5_sweep,0.25,0.1,0,0.75,21,45,18,3,15,16.7,-8674.31,-481.91,-3920.06
403,v5_sweep,0.25,0.03,0,0.75,21,45,18,4,14,22.2,-8852.61,-491.81,-6519.51
397,v5_sweep,0.25,0.03,0,0.5,21,45,21,5,16,23.8,-10510.73,-500.51,-6519.51
389,v5_sweep,0.25,0.03,0,0.25,14,45,20,10,10,50.0,-12341.35,-617.07,-5612.13
463,v5_sweep,0.25,0.05,0,0.25,21,45,20,5,15,25.0,-14060.35,-703.02,-4626.2
545,v5_sweep,0.25,0.1,0,0.75,14,45,14,3,11,21.4,-10996.66,-785.48,-4743.76
391,v5_sweep,0.25,0.03,0,0.25,21,45,20,4,16,20.0,-16556.64,-827.83,-6519.51
473,v5_sweep,0.25,0.05,0,0.75,14,45,15,3,12,20.0,-14559.4,-970.63,-5670.14
401,v5_sweep,0.25,0.03,0,0.75,14,45,15,4,11,26.7,-15721.29,-1048.09,-6490.26
